# Blender 5.2.0 LTS
# www.blender.org
o model
v 0.343034 -0.038108 -1.632965
v 0.401956 -0.011143 -1.615148
v 0.284113 -0.065067 -1.615148
v 0.143223 0.477115 -1.637597
v 0.181829 0.475101 -1.632965
v 0.230721 0.475356 -1.632965
v 0.155116 0.362590 -1.632965
v 0.199825 0.363098 -1.632965
v 0.328446 0.210758 -1.615148
v 0.362085 0.105871 -1.615148
v 0.268252 0.183191 -1.632965
v 0.302209 0.079027 -1.632965
v 0.208058 0.155627 -1.615148
v 0.166120 0.588479 -1.637099
v 0.183992 0.672859 -1.619102
v 0.210453 0.590798 -1.632965
v 0.264765 0.594807 -1.632965
v 0.370470 0.700474 -1.615148
v 0.339039 0.602203 -1.632965
v 0.300181 0.480150 -1.632965
v 0.252785 0.280235 -1.632965
v 0.267429 0.376024 -1.632965
v 0.326714 0.390381 -1.615148
v 0.373107 -0.273768 -1.615148
v 0.385957 -0.151041 -1.632965
v 0.517774 -0.288616 -1.615152
v 0.426212 -0.242613 -1.632965
v 0.472681 -0.435513 -1.615148
v 0.468755 -0.322546 -1.632965
v 0.518545 -0.400570 -1.632965
v 0.600900 -0.580622 -1.615148
v 0.575777 -0.474782 -1.632965
v 0.640640 -0.543271 -1.632965
v 0.751060 -0.567012 -1.615148
v 0.716186 -0.606797 -1.632965
v 0.805468 -0.666126 -1.632965
v 0.980156 -0.794477 -1.615149
v 0.990134 -0.748543 -1.632965
v 0.899709 -0.715346 -1.632965
v 1.191591 -0.785933 -1.632965
v 1.190768 -0.832440 -1.615149
v 1.084759 -0.770480 -1.632965
v 1.192410 -0.739426 -1.615148
v 1.298803 -0.795088 -1.632965
v 1.394247 -0.751633 -1.615148
v 1.394572 -0.798144 -1.632965
v 1.394893 -0.844651 -1.615149
v 1.487707 -0.841025 -1.615152
v 1.485377 -0.795088 -1.632965
v 1.577714 -0.785933 -1.632965
v 1.771536 -0.748543 -1.632965
v 1.786740 -0.792189 -1.615149
v 1.686775 -0.813410 -1.615149
v 1.672719 -0.770480 -1.632965
v 1.658659 -0.727550 -1.615148
v 1.854914 -0.673609 -1.615148
v 1.886183 -0.765482 -1.615148
v 1.870547 -0.719542 -1.632965
v 1.966125 -0.682916 -1.632965
v 2.047395 -0.643042 -1.632965
v 1.985335 -0.732285 -1.615148
v 2.135280 -0.651973 -1.615148
v 2.072328 -0.693987 -1.615148
v 2.103483 -0.604318 -1.632965
v 2.106400 -0.520657 -1.615152
v 2.183736 -0.603662 -1.615148
v 2.145068 -0.562156 -1.632965
v 2.217500 -0.452306 -1.632965
v 2.182841 -0.511982 -1.632965
v 2.360910 -0.212949 -1.615148
v 2.334504 -0.305925 -1.615148
v 2.303927 -0.212226 -1.632965
v 2.249747 -0.381630 -1.632965
v 2.196770 -0.367176 -1.615148
v 2.223117 -0.296465 -1.615152
v 2.278811 -0.301200 -1.632965
v 2.347669 -0.003767 -1.632965
v 2.384274 -0.113502 -1.615148
v 2.326430 -0.113496 -1.632965
v 2.303090 0.109870 -1.615148
v 2.428493 0.108470 -1.615148
v 2.378955 0.217532 -1.632965
v 2.365793 0.109172 -1.632965
v 2.308641 0.314801 -1.615152
v 2.385992 0.313269 -1.632965
v 2.567606 0.390440 -1.615148
v 2.485980 0.323659 -1.621563
v 2.549340 0.406982 -1.632965
v 2.482375 0.391944 -1.632965
v 2.486582 0.444820 -1.632965
v 0.413676 0.616844 -1.632965
v 0.492734 0.729928 -1.615148
v 0.526501 0.674442 -1.632965
v 0.469076 0.642589 -1.632965
v 0.445422 0.555240 -1.615148
v 0.607197 0.707449 -1.632965
v 0.798731 0.763917 -1.632965
v 0.699195 0.688779 -1.615152
v 0.701248 0.738355 -1.632965
v 0.906327 0.785473 -1.632965
v 0.797968 0.717206 -1.615148
v 0.905564 0.739191 -1.615148
v 1.030710 0.804362 -1.632965
v 0.907091 0.831759 -1.615152
v 1.031474 0.849355 -1.615148
v 1.029950 0.759362 -1.615148
v 1.269560 0.786075 -1.615148
v 1.156241 0.775679 -1.615148
v 1.270320 0.828780 -1.632965
v 1.157001 0.819241 -1.632965
v 1.271084 0.871485 -1.615148
v 1.384213 0.833736 -1.632965
v 1.384165 0.791031 -1.615148
v 1.512222 0.834884 -1.632965
v 1.787697 0.775578 -1.615148
v 1.648242 0.831638 -1.632965
v 1.786170 0.823440 -1.632965
v 2.109718 0.772692 -1.632965
v 2.107810 0.699368 -1.615148
v 1.987623 0.802450 -1.632965
v 1.985718 0.746871 -1.615148
v 1.904926 0.761919 -1.615148
v 1.905973 0.812854 -1.632965
v 1.989531 0.858037 -1.615148
v 2.049434 0.789859 -1.632965
v 2.343373 0.642040 -1.632965
v 2.197586 0.754564 -1.632965
v 2.342139 0.739098 -1.632965
v 2.489350 0.717641 -1.632965
v 2.484788 0.616443 -1.632965
v 2.555655 0.527041 -1.632965
v 2.575870 0.567033 -1.632965
v 2.566607 0.492693 -1.632965
v 2.486374 0.518725 -1.632965
v 2.481159 0.559643 -1.632965
v 2.564101 0.445066 -1.632965
v 2.552848 0.473708 -1.632965
v 2.483851 0.484816 -1.632965
v 0.085711 0.662629 -1.644758
v 0.030584 0.584438 -1.675968
v 0.076822 0.584577 -1.664382
v 0.065371 0.481145 -1.667379
v 2.585191 0.681534 -1.632965
v 2.493128 0.810182 -1.615148
v 2.625850 0.750134 -1.601296
v 2.637809 0.648963 -1.615148
v 2.385739 0.388346 -1.632965
v 2.381751 0.446863 -1.632965
v 2.369968 0.534364 -1.632965
v 2.355604 0.578926 -1.632965
v 2.292884 0.449265 -1.615148
v 2.377589 0.492938 -1.632965
v 2.269098 0.542183 -1.615148
v 0.104613 0.479127 -1.651498
v 0.121787 0.586166 -1.649500
v 0.135180 0.667118 -1.630518
v 0.015657 0.307304 -1.663601
v 0.024861 0.483167 -1.677969
v 0.019517 0.382536 -1.679583
v 0.054684 0.378983 -1.669805
v 0.046949 0.302904 -1.654636
v 0.088587 0.373995 -1.653115
v 0.121849 0.368293 -1.638001
v 0.385957 -0.151041 -1.490444
v 0.401956 -0.011143 -1.508261
v 0.343034 -0.038108 -1.490448
v 0.154943 0.362655 -1.492428
v 0.135540 0.279319 -1.510141
v 0.252785 0.280235 -1.490448
v 0.242334 0.052186 -1.508261
v 0.302209 0.079027 -1.490448
v 0.268252 0.183191 -1.490448
v 0.181870 0.475232 -1.492127
v 0.210792 0.590649 -1.491678
v 0.233143 0.678358 -1.509011
v 0.166594 0.588296 -1.497274
v 0.339039 0.602203 -1.490444
v 0.413676 0.616844 -1.490444
v 0.370470 0.700474 -1.508261
v 0.264851 0.594769 -1.490752
v 0.267429 0.376024 -1.490448
v 0.175345 0.252094 -1.502147
v 0.326714 0.390381 -1.508261
v 0.374721 0.488151 -1.501846
v 0.300181 0.480150 -1.490444
v 0.230731 0.475387 -1.490866
v 0.199784 0.363112 -1.490942
v 0.426212 -0.242613 -1.490448
v 0.373107 -0.273768 -1.508261
v 0.517774 -0.288616 -1.508261
v 0.468755 -0.322546 -1.490448
v 0.419732 -0.356479 -1.508261
v 0.518545 -0.400570 -1.490448
v 0.575777 -0.474782 -1.490444
v 0.564409 -0.365631 -1.508261
v 0.600900 -0.580622 -1.508261
v 0.640640 -0.543271 -1.490444
v 0.681309 -0.646581 -1.508261
v 0.716186 -0.606797 -1.490444
v 0.680380 -0.505919 -1.508261
v 0.618766 -0.439180 -1.508261
v 0.778319 -0.708631 -1.508261
v 0.881432 -0.760139 -1.508261
v 0.899709 -0.715346 -1.490444
v 0.805468 -0.666126 -1.490444
v 0.990134 -0.748543 -1.490444
v 0.980156 -0.794477 -1.508261
v 1.088440 -0.724115 -1.508261
v 1.000112 -0.702603 -1.508261
v 0.917985 -0.670557 -1.508261
v 1.191591 -0.785933 -1.490444
v 1.190768 -0.832440 -1.508261
v 1.298803 -0.795088 -1.490444
v 1.084759 -0.770480 -1.490444
v 1.298841 -0.841599 -1.508261
v 1.394893 -0.844651 -1.508261
v 1.487707 -0.841025 -1.508261
v 1.394247 -0.751633 -1.508261
v 1.394572 -0.798144 -1.490448
v 1.577714 -0.785933 -1.490448
v 1.672719 -0.770480 -1.490444
v 1.483051 -0.749152 -1.508261
v 1.485377 -0.795088 -1.490448
v 1.771536 -0.748543 -1.490444
v 1.686775 -0.813410 -1.508261
v 1.786740 -0.792189 -1.508261
v 1.886183 -0.765482 -1.508261
v 1.870547 -0.719542 -1.490444
v 1.966125 -0.682916 -1.490444
v 2.022462 -0.592097 -1.508261
v 1.946915 -0.633541 -1.508261
v 1.854914 -0.673609 -1.508261
v 2.135280 -0.651973 -1.508261
v 2.145068 -0.562156 -1.490448
v 2.103479 -0.604318 -1.490448
v 2.071678 -0.556664 -1.508261
v 2.047395 -0.643042 -1.490444
v 2.266613 -0.478069 -1.508261
v 2.168387 -0.426544 -1.508261
v 2.182841 -0.511982 -1.490448
v 2.360910 -0.212949 -1.508261
v 2.326430 -0.113496 -1.490444
v 2.303927 -0.212226 -1.490448
v 2.246944 -0.211504 -1.508261
v 2.302724 -0.396091 -1.508261
v 2.249747 -0.381630 -1.490448
v 2.278811 -0.301200 -1.490448
v 2.196770 -0.367176 -1.508261
v 2.217500 -0.452306 -1.490444
v 2.406940 -0.003916 -1.508261
v 2.428493 0.108470 -1.508261
v 2.365793 0.109172 -1.490444
v 2.303090 0.109870 -1.508261
v 2.347669 -0.003767 -1.490444
v 2.268590 -0.113485 -1.508261
v 2.378955 0.217532 -1.490448
v 2.448511 0.216329 -1.508261
v 2.386887 0.313294 -1.490098
v 2.308866 0.314807 -1.508175
v 2.554103 0.407106 -1.488581
v 2.486886 0.323683 -1.501494
v 0.469076 0.642589 -1.490444
v 0.526501 0.674442 -1.490444
v 0.445570 0.715796 -1.508261
v 0.601284 0.649291 -1.508261
v 0.607197 0.707449 -1.490448
v 0.701248 0.738355 -1.490448
v 0.699195 0.688779 -1.508261
v 0.798731 0.763917 -1.490448
v 0.906327 0.785473 -1.490448
v 0.799495 0.810631 -1.508261
v 1.030710 0.804362 -1.490447
v 1.157001 0.819241 -1.490444
v 1.270320 0.828780 -1.490444
v 1.271084 0.871485 -1.508261
v 1.157765 0.862803 -1.508261
v 1.512222 0.834884 -1.490444
v 1.384213 0.833736 -1.490444
v 1.384165 0.791031 -1.508261
v 1.648242 0.831638 -1.490444
v 1.786170 0.823440 -1.490447
v 1.905973 0.812854 -1.490447
v 2.047526 0.727125 -1.508261
v 2.197952 0.744590 -1.490095
v 2.109718 0.772692 -1.490444
v 2.111625 0.846016 -1.508261
v 1.987626 0.802450 -1.490447
v 2.049434 0.789859 -1.490444
v 2.188675 0.643274 -1.501494
v 2.343608 0.699196 -1.489048
v 2.517975 0.645157 -1.487648
v 2.345706 0.814644 -1.507912
v 0.024664 0.482725 -1.540535
v 0.076694 0.584563 -1.527609
v 0.085746 0.662615 -1.541925
v 0.030442 0.583937 -1.538278
v 2.488033 0.392096 -1.488232
v 2.376846 0.444637 -1.488232
v 2.389309 0.388442 -1.489048
v 2.303025 0.389960 -1.507912
v 2.307988 0.544851 -1.488581
v 2.333301 0.583647 -1.488232
v 2.264443 0.535087 -1.507677
v 2.351339 0.505972 -1.488115
v 2.340103 0.483530 -1.488581
v 2.274549 0.495554 -1.507794
v 0.121984 0.586139 -1.511596
v 0.019396 0.382308 -1.542613
v 0.065088 0.481197 -1.531248
v 0.054456 0.379235 -1.534573
v 0.076714 0.296123 -1.535562
v 0.106003 0.287600 -1.517437
v 0.121559 0.368455 -1.499541
v 0.143233 0.477326 -1.498539
v 0.088289 0.374303 -1.516905
v 0.104458 0.479359 -1.514413
v 0.456202 0.748775 -1.561705
v 0.445570 0.715796 -1.615148
v 0.300467 0.717773 -1.561795
v 0.380949 0.733232 -1.561705
v 0.346477 0.395161 -1.561705
v 0.312751 0.305071 -1.615152
v 0.383486 0.465917 -1.561705
v 0.312751 0.305071 -1.508261
v 0.014371 0.282246 -1.612802
v 0.015633 0.307273 -1.561152
v 0.291498 0.687064 -1.615173
v 0.232718 0.678686 -1.615238
v 0.240367 0.707791 -1.562061
v 0.291606 0.686988 -1.508448
v 0.332742 0.313352 -1.561708
v 0.328446 0.210758 -1.508261
v 0.348512 0.219944 -1.561705
v 0.362085 0.105871 -1.508261
v 0.175379 0.252105 -1.621608
v 0.242334 0.052186 -1.615152
v 0.187991 0.146437 -1.561705
v 0.208058 0.155627 -1.508261
v 0.442792 -0.122765 -1.615148
v 0.421598 -0.002160 -1.561705
v 0.382045 0.114816 -1.561705
v 0.442792 -0.122765 -1.508261
v 0.264471 -0.074050 -1.561705
v 0.329126 -0.179320 -1.615148
v 0.310183 -0.188745 -1.561705
v 0.329126 -0.179320 -1.508261
v 0.284113 -0.065067 -1.508261
v 0.222374 0.043238 -1.561708
v 0.497016 -0.201070 -1.561705
v 0.479317 -0.211456 -1.615148
v 0.461735 -0.113337 -1.561705
v 0.479317 -0.211456 -1.508261
v 0.355404 -0.284154 -1.561705
v 0.618766 -0.439180 -1.615148
v 0.564409 -0.365631 -1.615148
v 0.579700 -0.353987 -1.561705
v 0.534116 -0.277304 -1.561708
v 0.403394 -0.367788 -1.561705
v 0.419732 -0.356479 -1.615148
v 0.532788 -0.510388 -1.615148
v 0.518459 -0.522254 -1.561705
v 0.532788 -0.510388 -1.508261
v 0.472681 -0.435513 -1.508261
v 0.457391 -0.447157 -1.561705
v 0.693624 -0.493470 -1.561705
v 0.762683 -0.553750 -1.561705
v 0.680380 -0.505919 -1.615148
v 0.633092 -0.427311 -1.561705
v 0.751060 -0.567012 -1.508261
v 0.587656 -0.593075 -1.561705
v 0.841665 -0.609454 -1.561705
v 0.832613 -0.623625 -1.615148
v 0.832613 -0.623625 -1.508261
v 0.681309 -0.646581 -1.615148
v 0.778319 -0.708631 -1.615148
v 0.769271 -0.722795 -1.561705
v 0.881432 -0.760139 -1.615148
v 0.669686 -0.659843 -1.561705
v 1.089667 -0.708658 -1.561705
v 1.000112 -0.702603 -1.615148
v 0.917985 -0.670557 -1.615148
v 0.924079 -0.655626 -1.561705
v 1.003437 -0.687292 -1.561705
v 1.079847 -0.832298 -1.561705
v 0.976831 -0.809791 -1.561705
v 1.081074 -0.816845 -1.508261
v 0.875339 -0.775070 -1.561705
v 1.298765 -0.748581 -1.615148
v 1.192683 -0.723921 -1.561705
v 1.088440 -0.724115 -1.615148
v 1.192410 -0.739426 -1.508261
v 1.298765 -0.748581 -1.508261
v 1.081074 -0.816845 -1.615149
v 1.298841 -0.841599 -1.615149
v 1.190495 -0.847945 -1.561705
v 1.483051 -0.749152 -1.615148
v 1.394140 -0.736129 -1.561705
v 1.298755 -0.733077 -1.561705
v 1.482277 -0.733841 -1.561705
v 1.395004 -0.860152 -1.561705
v 1.488481 -0.856340 -1.561708
v 1.298855 -0.857097 -1.561705
v 1.569378 -0.741714 -1.615148
v 1.566599 -0.726973 -1.561705
v 1.569378 -0.741714 -1.508261
v 1.658659 -0.727550 -1.508261
v 1.653972 -0.713238 -1.561705
v 1.586047 -0.830152 -1.615149
v 1.588826 -0.844893 -1.561705
v 1.586047 -0.830152 -1.508261
v 1.751265 -0.690347 -1.561705
v 1.849705 -0.658294 -1.561705
v 1.756332 -0.704895 -1.615148
v 1.756332 -0.704895 -1.508261
v 1.691462 -0.827722 -1.561705
v 1.791810 -0.806739 -1.561705
v 1.891391 -0.780790 -1.561705
v 2.022462 -0.592097 -1.615148
v 1.946915 -0.633541 -1.615148
v 1.940511 -0.617089 -1.561705
v 2.072328 -0.693987 -1.508261
v 1.985335 -0.732285 -1.508261
v 1.991739 -0.748744 -1.561705
v 2.093512 -0.506825 -1.561708
v 2.071678 -0.556664 -1.615148
v 2.061078 -0.540779 -1.561705
v 2.014150 -0.575117 -1.561705
v 2.196628 -0.617494 -1.561705
v 2.145884 -0.667858 -1.561705
v 2.080637 -0.710971 -1.561705
v 2.168387 -0.426544 -1.615148
v 2.138449 -0.477492 -1.615148
v 2.123653 -0.465997 -1.561705
v 2.106400 -0.520657 -1.508261
v 2.138449 -0.477492 -1.508261
v 2.152015 -0.417958 -1.561705
v 2.227233 -0.546475 -1.615148
v 2.242029 -0.557970 -1.561705
v 2.227233 -0.546475 -1.508261
v 2.183736 -0.603662 -1.508261
v 2.268590 -0.113485 -1.615148
v 2.246944 -0.211504 -1.615148
v 2.227948 -0.211259 -1.561705
v 2.204550 -0.294892 -1.561708
v 2.223117 -0.296465 -1.508261
v 2.249311 -0.113485 -1.561705
v 2.320382 -0.400909 -1.561705
v 2.282985 -0.486654 -1.561705
v 2.266613 -0.478069 -1.615148
v 2.302724 -0.396091 -1.615148
v 2.353071 -0.307501 -1.561705
v 2.334504 -0.305925 -1.508261
v 2.179112 -0.362351 -1.561705
v 2.379902 -0.213191 -1.561705
v 2.384274 -0.113502 -1.508261
v 2.288398 -0.003615 -1.615148
v 2.268639 -0.003563 -1.561705
v 2.288398 -0.003615 -1.508261
v 2.403553 -0.113506 -1.561705
v 2.406940 -0.003916 -1.615148
v 2.426699 -0.003968 -1.561705
v 2.282858 0.315316 -1.561708
v 2.309402 0.218731 -1.615148
v 2.282191 0.110102 -1.561705
v 2.286214 0.219129 -1.561705
v 2.309402 0.218731 -1.508261
v 2.448511 0.216329 -1.615148
v 2.508249 0.310895 -1.561705
v 2.471696 0.215932 -1.561705
v 2.449396 0.108239 -1.561705
v 2.302130 0.389936 -1.615148
v 2.274262 0.390468 -1.561705
v 2.291657 0.448705 -1.507708
v 2.624351 0.473822 -1.625047
v 2.568795 0.390475 -1.507794
v 2.573693 0.384931 -1.561705
v 0.500618 0.759047 -1.561705
v 0.492734 0.729928 -1.508261
v 0.539424 0.745623 -1.508261
v 0.374721 0.488151 -1.621563
v 0.437538 0.526121 -1.561705
v 0.445422 0.555240 -1.508261
v 0.703982 0.804455 -1.561705
v 0.613111 0.765607 -1.615148
v 0.539424 0.745623 -1.615148
v 0.543734 0.769350 -1.561705
v 0.615081 0.784993 -1.561705
v 0.613111 0.765607 -1.508261
v 0.703298 0.787927 -1.508261
v 0.509269 0.579541 -1.561705
v 0.513575 0.603264 -1.615148
v 0.601284 0.649291 -1.615148
v 0.599310 0.629905 -1.561705
v 0.513575 0.603264 -1.508261
v 0.799495 0.810631 -1.615148
v 0.703298 0.787927 -1.615148
v 0.799748 0.826202 -1.561705
v 0.907091 0.831759 -1.508261
v 0.907344 0.847184 -1.561708
v 0.905311 0.723766 -1.561705
v 0.905564 0.739191 -1.508261
v 0.797715 0.701636 -1.561705
v 0.797968 0.717206 -1.508261
v 0.698515 0.672254 -1.561708
v 1.157765 0.862803 -1.615148
v 1.031726 0.864352 -1.561705
v 1.031474 0.849355 -1.508261
v 1.158020 0.877323 -1.561705
v 1.029694 0.744365 -1.561705
v 1.156241 0.775679 -1.508261
v 1.029950 0.759362 -1.508261
v 1.271336 0.885721 -1.561705
v 1.384276 0.890681 -1.561705
v 1.269304 0.771842 -1.561705
v 1.269560 0.786075 -1.508261
v 1.155985 0.761155 -1.561705
v 1.509422 0.893349 -1.561705
v 1.644855 0.877350 -1.615148
v 1.510121 0.878736 -1.615148
v 1.384258 0.876448 -1.615148
v 1.384258 0.876448 -1.508261
v 1.510121 0.878736 -1.508261
v 1.644855 0.877350 -1.508261
v 1.643724 0.892585 -1.561705
v 1.515018 0.776418 -1.561705
v 1.514320 0.791031 -1.615148
v 1.514320 0.791031 -1.508261
v 1.384148 0.776798 -1.561705
v 1.784642 0.871292 -1.615148
v 1.784134 0.887246 -1.561705
v 1.784642 0.871292 -1.508261
v 1.651629 0.785930 -1.615148
v 1.788205 0.759628 -1.561705
v 1.904577 0.744939 -1.561705
v 1.787697 0.775578 -1.508261
v 1.651629 0.785930 -1.508261
v 1.652756 0.770695 -1.561705
v 2.199815 0.837092 -1.615148
v 2.111625 0.846016 -1.615148
v 2.112262 0.870455 -1.561705
v 2.051978 0.873507 -1.561705
v 2.051342 0.852597 -1.508261
v 1.985083 0.728338 -1.561705
v 1.985718 0.746871 -1.508261
v 1.904926 0.761919 -1.508261
v 2.051342 0.852597 -1.615148
v 1.907024 0.863785 -1.615152
v 1.907373 0.880758 -1.561708
v 1.990167 0.876559 -1.561705
v 1.907024 0.863785 -1.508261
v 1.989531 0.858037 -1.508261
v 2.046890 0.706215 -1.561705
v 2.047526 0.727125 -1.615148
v 2.107177 0.674929 -1.561705
v 2.190286 0.652623 -1.621563
v 2.107810 0.699368 -1.508261
v 2.639658 0.781710 -1.561708
v 2.655346 0.638110 -1.561705
v 2.655346 0.638110 -1.490448
v 2.634052 0.480005 -1.561705
v 2.588098 0.795351 -1.615148
v 2.494382 0.841029 -1.561705
v 2.521030 0.838852 -1.490444
v 2.589069 0.833287 -1.561705
v 2.589069 0.833287 -1.490447
v 2.657109 0.827726 -1.490451
v 2.242292 0.588392 -1.615148
v 2.204519 0.591544 -1.561705
v 2.230385 0.579869 -1.507794
v 2.161271 0.636147 -1.561705
v 2.283919 0.497908 -1.615148
v 2.263264 0.450060 -1.561705
v 2.252695 0.499564 -1.561705
v 2.235476 0.544792 -1.561705
v 2.346407 0.853129 -1.561705
v 2.345340 0.824619 -1.615148
v 2.200558 0.864600 -1.561705
v 2.199908 0.834600 -1.508171
v 0.106331 0.287614 -1.621027
v 0.135754 0.279374 -1.615428
v 0.158029 0.220801 -1.561981
v 0.129184 0.251590 -1.562814
v 0.100988 0.260679 -1.569384
v 0.044350 0.277722 -1.604845
v 0.076953 0.295898 -1.637268
v 0.072964 0.269966 -1.586887
v 0.046860 0.303229 -1.553728
v 0.035019 0.660572 -1.657097
v 0.036491 0.685778 -1.604856
v 0.034974 0.660195 -1.553748
v 0.190290 0.700713 -1.566215
v 0.139863 0.693966 -1.577959
v 0.088718 0.688640 -1.592458
v 0.135557 0.666921 -1.526697
v 0.184618 0.672399 -1.513808
v 2.517975 0.807223 -0.467687
v 2.583280 0.769540 0.555071
v 2.651637 0.763481 0.555071
v 2.586173 0.801414 -0.467690
v 2.583767 0.417589 -0.466290
v 2.652612 0.416897 -0.467687
v 2.651637 0.385294 0.555071
v 2.651637 -0.142324 2.884065
v 2.583280 0.117225 2.778129
v 2.583280 -0.140883 2.889920
v 2.514919 -0.139442 2.895779
v 2.514919 -0.430574 3.000368
v 2.651637 -0.166832 2.783683
v 2.651637 0.080291 2.678323
v 2.651637 -0.432731 2.988444
v 2.651637 -0.451253 2.886105
v 2.583280 0.446738 2.071316
v 2.583280 0.414938 2.180398
v 2.514919 0.449389 2.071578
v 2.651637 0.464189 1.960032
v 2.651637 0.444087 2.071056
v 2.651637 0.412387 2.180066
v 2.583280 0.297917 2.390543
v 2.514919 0.369696 2.288049
v 2.651637 0.365192 2.286383
v 2.583280 0.367449 2.287216
v 2.651637 0.607042 0.767031
v 2.651637 0.460491 0.767031
v 2.651637 0.753586 0.767031
v 2.651637 0.625197 1.020452
v 2.651637 0.614359 1.356802
v 2.651637 0.718360 1.356802
v 2.651637 0.593086 1.670386
v 2.583280 0.759645 0.767031
v 2.514919 0.765704 0.767031
v 2.514919 0.751948 1.020452
v 2.583280 0.745889 1.020452
v 2.651637 0.739830 1.020452
v 2.583280 0.724415 1.356802
v 2.583280 0.702994 1.672463
v 2.651637 0.696942 1.672349
v 2.514919 0.469477 1.960668
v 2.583280 0.479192 1.847863
v 2.514919 0.481850 1.848064
v 2.583280 0.491901 1.668475
v 2.583280 0.466833 1.960350
v 2.651637 -0.191348 2.683300
v 2.583280 -0.469304 2.786392
v 2.514919 -0.190079 2.688460
v 2.514919 0.047143 2.588862
v 2.583280 -0.190715 2.685882
v 2.583280 0.046261 2.586439
v 2.514919 0.494566 1.668523
v 2.583280 0.513025 1.356802
v 2.514919 0.515694 1.356802
v 2.651637 0.510558 1.020452
v 2.651637 0.510354 1.356802
v 2.651637 0.489233 1.668423
v 2.583280 0.461777 0.767031
v 2.514919 0.385090 0.555071
v 2.583280 0.385193 0.555071
v 2.583280 0.512880 1.020452
v 2.514919 0.515206 1.020452
v 2.514919 0.463062 0.767031
v 2.651637 0.579942 1.855508
v 2.651637 0.476541 1.847659
v 2.651637 0.567489 1.972367
v 2.651637 0.548293 2.081149
v 2.651637 0.615928 2.206105
v 2.651637 0.514159 2.193086
v 2.651637 0.456903 2.319404
v 2.651637 0.371489 2.448079
v 2.651637 0.252840 2.567088
v 2.583280 0.689373 1.863817
v 2.651637 0.683349 1.863358
v 2.514919 0.709039 1.672577
v 2.514919 0.695397 1.864273
v 2.583280 0.658509 2.091832
v 2.651637 0.670795 1.984702
v 2.583280 0.676802 1.985421
v 2.514919 0.664526 2.092423
v 2.651637 0.652488 2.091241
v 2.583280 0.553757 2.354319
v 2.583280 0.621745 2.206862
v 2.514919 0.627558 2.207615
v 2.514919 0.558893 2.356213
v 2.583280 0.451024 2.510502
v 2.651637 0.548614 2.352421
v 2.651637 0.307010 2.647075
v 2.651637 0.446877 2.507108
v 2.514919 0.455172 2.513896
v 2.583280 0.310020 2.651713
v 2.514919 0.313031 2.656352
v 2.514919 0.119240 2.783628
v 2.651637 0.115217 2.772630
v 2.514919 0.257171 2.573765
v 2.514919 0.377448 2.452966
v 2.514919 0.299731 2.392037
v 2.514919 0.201311 2.491179
v 2.514919 0.083195 2.686245
v 2.514919 0.464293 2.322131
v 2.514919 0.522523 2.194174
v 2.514919 0.417495 2.180729
v 2.514919 0.556961 2.082002
v 2.514919 0.682806 1.986140
v 2.514919 0.576143 1.973404
v 2.514919 0.588624 1.856169
v 2.514919 0.601802 1.670552
v 2.583280 0.199995 2.489139
v 2.651637 0.296099 2.389050
v 2.651637 0.198678 2.487097
v 2.651637 0.045373 2.584016
v 2.514919 0.623089 1.356802
v 2.514919 0.730474 1.356802
v 2.514919 0.633575 1.020452
v 2.514919 0.614380 0.767031
v 2.514919 0.775599 0.555071
v 2.514919 -0.164759 2.792120
v 2.514919 -0.468831 2.789022
v 2.653587 0.448491 -1.490444
v 2.584251 0.449977 -1.487648
v 2.586660 0.641632 -1.489048
v 2.516447 0.612752 -0.466290
v 2.514919 0.451467 -1.484855
v 2.514919 0.418280 -0.464891
v 2.514919 0.580343 0.555071
v 2.653493 0.606251 -0.467690
v 2.654375 0.795607 -0.467690
v 2.651637 0.574391 0.555071
v 2.583280 -0.431649 2.994406
v 2.514919 -0.449701 2.894693
v 2.583280 -0.450478 2.890401
v 2.651637 -0.469781 2.783766
v -0.375602 -0.038108 -1.632965
v -0.394653 0.105871 -1.615148
v -0.418529 -0.151041 -1.632965
v -0.475360 -0.122765 -1.615148
v -0.187684 0.362590 -1.632965
v -0.232397 0.363098 -1.632965
v -0.263292 0.475356 -1.632965
v -0.214400 0.475101 -1.632965
v -0.300820 0.183191 -1.632965
v -0.240626 0.155627 -1.615148
v -0.361014 0.210758 -1.615148
v -0.334777 0.079027 -1.632965
v -0.175791 0.477115 -1.637597
v -0.198688 0.588479 -1.637099
v -0.243021 0.590798 -1.632965
v -0.297333 0.594807 -1.632965
v -0.371607 0.602203 -1.632965
v -0.324067 0.687064 -1.615173
v -0.446244 0.616844 -1.632965
v -0.478138 0.715796 -1.615148
v -0.403038 0.700474 -1.615148
v -0.299997 0.376024 -1.632965
v -0.407289 0.488151 -1.621563
v -0.332749 0.480150 -1.632965
v -0.285353 0.280235 -1.632965
v -0.458780 -0.242613 -1.632965
v -0.511885 -0.211456 -1.615148
v -0.551113 -0.400570 -1.632965
v -0.452303 -0.356479 -1.615148
v -0.501323 -0.322546 -1.632965
v -0.505249 -0.435513 -1.615148
v -0.608345 -0.474782 -1.632965
v -0.712948 -0.505919 -1.615148
v -0.748754 -0.606797 -1.632965
v -0.673208 -0.543271 -1.632965
v -0.713881 -0.646581 -1.615148
v -0.838036 -0.666126 -1.632965
v -0.932277 -0.715346 -1.632965
v -0.914000 -0.760139 -1.615148
v -1.012724 -0.794477 -1.615149
v -1.022702 -0.748543 -1.632965
v -1.117327 -0.770480 -1.632965
v -1.113642 -0.816845 -1.615149
v -1.331371 -0.795088 -1.632965
v -1.224159 -0.785933 -1.632965
v -1.426818 -0.751633 -1.615148
v -1.427140 -0.798144 -1.632965
v -1.517949 -0.795088 -1.632965
v -1.610282 -0.785933 -1.632965
v -1.618618 -0.830152 -1.615149
v -1.719347 -0.813410 -1.615149
v -1.804108 -0.748543 -1.632965
v -1.705287 -0.770480 -1.632965
v -1.788904 -0.704895 -1.615148
v -1.918751 -0.765482 -1.615148
v -1.903118 -0.719542 -1.632965
v -1.887486 -0.673609 -1.615148
v -1.998693 -0.682916 -1.632965
v -2.079963 -0.643042 -1.632965
v -1.979483 -0.633541 -1.615148
v -2.017903 -0.732285 -1.615148
v -2.136051 -0.604318 -1.632965
v -2.177639 -0.562156 -1.632965
v -2.215409 -0.511982 -1.632965
v -2.171017 -0.477492 -1.615148
v -2.259801 -0.546475 -1.615148
v -2.336495 -0.212226 -1.632965
v -2.367075 -0.305925 -1.615148
v -2.393478 -0.212949 -1.615148
v -2.229338 -0.367176 -1.615148
v -2.250068 -0.452306 -1.632965
v -2.282315 -0.381630 -1.632965
v -2.255685 -0.296465 -1.615152
v -2.311378 -0.301200 -1.632965
v -2.359002 -0.113496 -1.632965
v -2.416842 -0.113502 -1.615148
v -2.301158 -0.113485 -1.615148
v -2.380237 -0.003767 -1.632965
v -2.398361 0.109172 -1.632965
v -2.481079 0.216329 -1.615148
v -2.335662 0.109870 -1.615148
v -2.418563 0.313269 -1.632965
v -2.341209 0.314801 -1.615152
v -2.411526 0.217532 -1.632965
v -2.514944 0.391944 -1.632965
v -2.518552 0.323659 -1.621563
v -2.596669 0.445066 -1.632965
v -2.519150 0.444820 -1.632965
v -2.581908 0.406982 -1.632965
v -2.656922 0.473822 -1.625047
v -0.501648 0.642589 -1.632965
v -0.559070 0.674442 -1.632965
v -0.639766 0.707449 -1.632965
v -0.733817 0.738355 -1.632965
v -0.731767 0.688779 -1.615152
v -0.831299 0.763917 -1.632965
v -0.832063 0.810631 -1.615148
v -0.938895 0.785473 -1.632965
v -1.063278 0.804362 -1.632965
v -1.189572 0.819241 -1.632965
v -1.062518 0.759362 -1.615148
v -1.303652 0.871485 -1.615148
v -1.302888 0.828780 -1.632965
v -1.416733 0.791031 -1.615148
v -1.542692 0.878736 -1.615148
v -1.416782 0.833736 -1.632965
v -1.680810 0.831638 -1.632965
v -1.544790 0.834884 -1.632965
v -1.546888 0.791031 -1.615148
v -1.818738 0.823440 -1.632965
v -1.817210 0.871292 -1.615148
v -1.677423 0.877350 -1.615148
v -1.939592 0.863785 -1.615152
v -2.142289 0.772692 -1.632965
v -2.082002 0.789859 -1.632965
v -2.140381 0.699368 -1.615148
v -1.938545 0.812854 -1.632965
v -1.937494 0.761919 -1.615148
v -2.020195 0.802450 -1.632965
v -2.232383 0.837092 -1.615148
v -2.230154 0.754564 -1.632965
v -2.377907 0.824619 -1.615148
v -2.374707 0.739098 -1.632965
v -2.375941 0.642040 -1.632965
v -2.517356 0.616443 -1.632965
v -2.588226 0.527041 -1.632965
v -2.513730 0.559643 -1.632965
v -2.518942 0.518725 -1.632965
v -2.599175 0.492693 -1.632965
v -2.585419 0.473708 -1.632965
v -2.516419 0.484816 -1.632965
v -0.016286 0.484183 -1.681937
v -0.016286 0.660144 -1.662789
v -0.016286 0.584736 -1.680938
v -0.063156 0.584438 -1.675968
v -0.109390 0.584577 -1.664382
v -2.525696 0.810182 -1.615148
v -2.521922 0.717641 -1.632965
v -2.620670 0.795351 -1.615148
v -2.617763 0.681534 -1.632965
v -2.608438 0.567033 -1.632965
v -2.418307 0.388346 -1.632965
v -2.325456 0.449265 -1.615148
v -2.334701 0.389936 -1.615148
v -2.402537 0.534364 -1.632965
v -2.388172 0.578926 -1.632965
v -2.222854 0.652623 -1.621563
v -2.274860 0.588392 -1.615148
v -2.316487 0.497908 -1.615148
v -2.414319 0.446863 -1.632965
v -2.410157 0.492938 -1.632965
v -2.301666 0.542183 -1.615148
v -0.154355 0.586166 -1.649500
v -0.216560 0.672859 -1.619102
v -0.057429 0.483167 -1.677969
v -0.016286 0.383956 -1.682745
v -0.052085 0.382536 -1.679583
v -0.087256 0.378983 -1.669805
v -0.097939 0.481145 -1.667379
v -0.109521 0.295898 -1.637268
v -0.121155 0.373995 -1.653115
v -0.137181 0.479127 -1.651498
v -0.154421 0.368293 -1.638001
v -0.334777 0.079027 -1.490448
v -0.375602 -0.038108 -1.490448
v -0.418529 -0.151041 -1.490444
v -0.263299 0.475387 -1.490866
v -0.187511 0.362655 -1.492428
v -0.214438 0.475232 -1.492127
v -0.300820 0.183191 -1.490448
v -0.240626 0.155627 -1.508261
v -0.394653 0.105871 -1.508261
v -0.361014 0.210758 -1.508261
v -0.243360 0.590649 -1.491678
v -0.297419 0.594769 -1.490752
v -0.371607 0.602203 -1.490444
v -0.446244 0.616844 -1.490444
v -0.403038 0.700474 -1.508261
v -0.285353 0.280235 -1.490448
v -0.207916 0.252094 -1.502147
v -0.232352 0.363112 -1.490942
v -0.332749 0.480150 -1.490444
v -0.299997 0.376024 -1.490448
v -0.405675 -0.273768 -1.508261
v -0.458780 -0.242613 -1.490448
v -0.551113 -0.400570 -1.490448
v -0.505249 -0.435513 -1.508261
v -0.596977 -0.365631 -1.508261
v -0.501323 -0.322546 -1.490448
v -0.608345 -0.474782 -1.490444
v -0.748754 -0.606797 -1.490444
v -0.673208 -0.543271 -1.490444
v -0.838036 -0.666126 -1.490444
v -0.932277 -0.715346 -1.490444
v -1.022702 -0.748543 -1.490444
v -1.113642 -0.816845 -1.508261
v -1.012724 -0.794477 -1.508261
v -1.032680 -0.702603 -1.508261
v -1.121008 -0.724115 -1.508261
v -0.950553 -0.670557 -1.508261
v -1.224159 -0.785933 -1.490444
v -1.117327 -0.770480 -1.490444
v -1.331371 -0.795088 -1.490444
v -1.427140 -0.798144 -1.490448
v -1.520275 -0.841025 -1.508261
v -1.427465 -0.844651 -1.508261
v -1.331337 -0.748581 -1.508261
v -1.610282 -0.785933 -1.490448
v -1.705287 -0.770480 -1.490444
v -1.601946 -0.741714 -1.508261
v -1.517949 -0.795088 -1.490448
v -1.515623 -0.749152 -1.508261
v -1.804108 -0.748543 -1.490444
v -1.903118 -0.719542 -1.490444
v -1.998693 -0.682916 -1.490444
v -2.136051 -0.604318 -1.490448
v -2.167851 -0.651973 -1.508261
v -2.079963 -0.643042 -1.490444
v -2.104250 -0.556664 -1.508261
v -2.177639 -0.562156 -1.490448
v -2.259801 -0.546475 -1.508261
v -2.215409 -0.511982 -1.490448
v -2.250068 -0.452306 -1.490444
v -2.393478 -0.212949 -1.508261
v -2.279512 -0.211504 -1.508261
v -2.336495 -0.212226 -1.490448
v -2.311378 -0.301200 -1.490448
v -2.282315 -0.381630 -1.490448
v -2.299185 -0.478069 -1.508261
v -2.335292 -0.396091 -1.508261
v -2.229338 -0.367176 -1.508261
v -2.416842 -0.113502 -1.508261
v -2.398361 0.109172 -1.490444
v -2.380237 -0.003767 -1.490444
v -2.320966 -0.003615 -1.508261
v -2.359002 -0.113496 -1.490444
v -2.411526 0.217532 -1.490448
v -2.419455 0.313294 -1.490098
v -2.519454 0.323683 -1.501494
v -2.586671 0.407106 -1.488581
v -2.601367 0.390475 -1.507794
v -2.520601 0.392096 -1.488232
v -2.686155 0.448491 -1.490444
v -0.559070 0.674442 -1.490444
v -0.501648 0.642589 -1.490444
v -0.546143 0.603264 -1.508261
v -0.633852 0.649291 -1.508261
v -0.639766 0.707449 -1.490448
v -0.735866 0.787927 -1.508261
v -0.733817 0.738355 -1.490448
v -0.571992 0.745623 -1.508261
v -0.645679 0.765607 -1.508261
v -0.830539 0.717206 -1.508261
v -0.731767 0.688779 -1.508261
v -0.938135 0.739191 -1.508261
v -0.831299 0.763917 -1.490448
v -0.832063 0.810631 -1.508261
v -0.939659 0.831759 -1.508261
v -0.938895 0.785473 -1.490448
v -1.063278 0.804362 -1.490447
v -1.062518 0.759362 -1.508261
v -1.064042 0.849355 -1.508261
v -1.189572 0.819241 -1.490444
v -1.302888 0.828780 -1.490444
v -1.416733 0.791031 -1.508261
v -1.303652 0.871485 -1.508261
v -1.416830 0.876448 -1.508261
v -1.416782 0.833736 -1.490444
v -1.190333 0.862803 -1.508261
v -1.544790 0.834884 -1.490444
v -1.546888 0.791031 -1.508261
v -1.680810 0.831638 -1.490444
v -1.820265 0.775578 -1.508261
v -1.938545 0.812854 -1.490447
v -1.818738 0.823440 -1.490447
v -2.082002 0.789859 -1.490444
v -2.140381 0.699368 -1.508261
v -2.142289 0.772692 -1.490444
v -2.232476 0.834600 -1.508171
v -2.080098 0.727125 -1.508261
v -2.083910 0.852597 -1.508261
v -2.020195 0.802450 -1.490447
v -2.230520 0.744590 -1.490095
v -2.550543 0.645157 -1.487648
v -2.376176 0.699196 -1.489048
v -2.378277 0.814644 -1.507912
v -0.016286 0.583858 -1.542281
v -0.063014 0.583937 -1.538278
v -0.016286 0.659456 -1.558812
v -0.067542 0.660195 -1.553748
v -2.335593 0.389960 -1.507912
v -2.421881 0.388442 -1.489048
v -2.365873 0.583647 -1.488232
v -2.340556 0.544851 -1.488581
v -2.262957 0.579869 -1.507794
v -2.372671 0.483530 -1.488581
v -2.297011 0.535087 -1.507677
v -2.383908 0.505972 -1.488115
v -2.409414 0.444637 -1.488232
v -0.097656 0.481197 -1.531248
v -0.154552 0.586139 -1.511596
v -0.199162 0.588296 -1.497274
v -0.175801 0.477326 -1.498539
v -0.109262 0.584563 -1.527609
v -0.016286 0.308531 -1.562175
v -0.048201 0.307273 -1.561152
v -0.057235 0.482725 -1.540535
v -0.051964 0.382308 -1.542613
v -0.016286 0.383369 -1.544220
v -0.016286 0.483420 -1.543297
v -0.109283 0.296123 -1.535562
v -0.154127 0.368455 -1.499541
v -0.120857 0.374303 -1.516905
v -0.087028 0.379235 -1.534573
v -0.137026 0.479359 -1.514413
v -0.413517 0.733232 -1.561705
v -0.324174 0.686988 -1.508448
v -0.379045 0.395161 -1.561705
v -0.359282 0.390381 -1.615148
v -0.359282 0.390381 -1.508261
v -0.345319 0.305071 -1.508261
v -0.048225 0.307304 -1.663601
v -0.016286 0.308849 -1.665986
v -0.076918 0.277722 -1.604845
v -0.046943 0.282246 -1.612802
v -0.016286 0.283701 -1.614277
v -0.333035 0.717773 -1.561795
v -0.272939 0.707791 -1.562061
v -0.265286 0.678686 -1.615238
v -0.265715 0.678358 -1.509011
v -0.345319 0.305071 -1.615152
v -0.365310 0.313352 -1.561708
v -0.381081 0.219944 -1.561705
v -0.274902 0.052186 -1.615152
v -0.220563 0.146437 -1.561705
v -0.274902 0.052186 -1.508261
v -0.254942 0.043238 -1.561708
v -0.190597 0.220801 -1.561981
v -0.434528 -0.011143 -1.615148
v -0.454166 -0.002160 -1.561705
v -0.414613 0.114816 -1.561705
v -0.434528 -0.011143 -1.508261
v -0.361695 -0.179320 -1.615148
v -0.316681 -0.065067 -1.615148
v -0.297039 -0.074050 -1.561705
v -0.316681 -0.065067 -1.508261
v -0.361695 -0.179320 -1.508261
v -0.566684 -0.277304 -1.561708
v -0.529588 -0.201070 -1.561705
v -0.475360 -0.122765 -1.508261
v -0.494303 -0.113337 -1.561705
v -0.550343 -0.288616 -1.508261
v -0.511885 -0.211456 -1.508261
v -0.387976 -0.284154 -1.561705
v -0.342751 -0.188745 -1.561705
v -0.435962 -0.367788 -1.561705
v -0.405675 -0.273768 -1.615148
v -0.452303 -0.356479 -1.508261
v -0.612268 -0.353987 -1.561705
v -0.596977 -0.365631 -1.615148
v -0.651334 -0.439180 -1.615148
v -0.550343 -0.288616 -1.615152
v -0.489962 -0.447157 -1.561705
v -0.551030 -0.522254 -1.561705
v -0.726192 -0.493470 -1.561705
v -0.783628 -0.567012 -1.615148
v -0.651334 -0.439180 -1.508261
v -0.665663 -0.427311 -1.561705
v -0.783628 -0.567012 -1.508261
v -0.712948 -0.505919 -1.508261
v -0.565360 -0.510388 -1.615148
v -0.620224 -0.593075 -1.561705
v -0.633468 -0.580622 -1.615148
v -0.713881 -0.646581 -1.508261
v -0.702254 -0.659843 -1.561705
v -0.565360 -0.510388 -1.508261
v -0.633468 -0.580622 -1.508261
v -0.865184 -0.623625 -1.615148
v -0.950553 -0.670557 -1.615148
v -0.874233 -0.609454 -1.561705
v -0.795251 -0.553750 -1.561705
v -0.956647 -0.655626 -1.561705
v -0.865184 -0.623625 -1.508261
v -0.907907 -0.775070 -1.561705
v -0.810887 -0.708631 -1.615148
v -0.810887 -0.708631 -1.508261
v -0.914000 -0.760139 -1.508261
v -0.801839 -0.722795 -1.561705
v -1.036009 -0.687292 -1.561705
v -1.032680 -0.702603 -1.615148
v -1.121008 -0.724115 -1.615148
v -1.009399 -0.809791 -1.561705
v -1.224978 -0.739426 -1.615148
v -1.122238 -0.708658 -1.561705
v -1.225254 -0.723921 -1.561705
v -1.331323 -0.733077 -1.561705
v -1.224978 -0.739426 -1.508261
v -1.223063 -0.847945 -1.561705
v -1.223336 -0.832440 -1.615149
v -1.112415 -0.832298 -1.561705
v -1.223336 -0.832440 -1.508261
v -1.514845 -0.733841 -1.561705
v -1.331337 -0.748581 -1.615148
v -1.426818 -0.751633 -1.508261
v -1.426708 -0.736129 -1.561705
v -1.427572 -0.860152 -1.561705
v -1.427465 -0.844651 -1.615149
v -1.331409 -0.841599 -1.615149
v -1.520275 -0.841025 -1.615152
v -1.331423 -0.857097 -1.561705
v -1.331409 -0.841599 -1.508261
v -1.691227 -0.727550 -1.615148
v -1.599167 -0.726973 -1.561705
v -1.515623 -0.749152 -1.615148
v -1.601946 -0.741714 -1.615148
v -1.621397 -0.844893 -1.561705
v -1.724030 -0.827722 -1.561705
v -1.521049 -0.856340 -1.561708
v -1.618618 -0.830152 -1.508261
v -1.783833 -0.690347 -1.561705
v -1.788904 -0.704895 -1.508261
v -1.691227 -0.727550 -1.508261
v -1.686540 -0.713238 -1.561705
v -1.819311 -0.792189 -1.615149
v -1.819311 -0.792189 -1.508261
v -1.918751 -0.765482 -1.508261
v -1.824378 -0.806739 -1.561705
v -1.719347 -0.813410 -1.508261
v -1.973079 -0.617089 -1.561705
v -1.887486 -0.673609 -1.508261
v -1.882274 -0.658294 -1.561705
v -1.979483 -0.633541 -1.508261
v -2.104896 -0.693987 -1.615148
v -2.024307 -0.748744 -1.561705
v -2.113205 -0.710971 -1.561705
v -1.923963 -0.780790 -1.561705
v -2.017903 -0.732285 -1.508261
v -2.138971 -0.520657 -1.615152
v -2.046717 -0.575117 -1.561705
v -2.055030 -0.592097 -1.615148
v -2.104250 -0.556664 -1.615148
v -2.055030 -0.592097 -1.508261
v -2.093650 -0.540779 -1.561705
v -2.178452 -0.667858 -1.561705
v -2.229196 -0.617494 -1.561705
v -2.167851 -0.651973 -1.615148
v -2.104896 -0.693987 -1.508261
v -2.156221 -0.465997 -1.561705
v -2.171017 -0.477492 -1.508261
v -2.138971 -0.520657 -1.508261
v -2.126080 -0.506825 -1.561708
v -2.184587 -0.417958 -1.561705
v -2.216308 -0.603662 -1.615148
v -2.274601 -0.557970 -1.561705
v -2.315554 -0.486654 -1.561705
v -2.216308 -0.603662 -1.508261
v -2.279512 -0.211504 -1.615148
v -2.260516 -0.211259 -1.561705
v -2.301158 -0.113485 -1.508261
v -2.299185 -0.478069 -1.615148
v -2.352950 -0.400909 -1.561705
v -2.335292 -0.396091 -1.615148
v -2.367075 -0.305925 -1.508261
v -2.237121 -0.294892 -1.561708
v -2.200955 -0.426544 -1.615148
v -2.200955 -0.426544 -1.508261
v -2.211680 -0.362351 -1.561705
v -2.255685 -0.296465 -1.508261
v -2.412473 -0.213191 -1.561705
v -2.385639 -0.307501 -1.561705
v -2.320966 -0.003615 -1.615148
v -2.281879 -0.113485 -1.561705
v -2.301210 -0.003563 -1.561705
v -2.314759 0.110102 -1.561705
v -2.335662 0.109870 -1.508261
v -2.439511 -0.003916 -1.615148
v -2.459267 -0.003968 -1.561705
v -2.461064 0.108470 -1.508261
v -2.481964 0.108239 -1.561705
v -2.436121 -0.113506 -1.561705
v -2.439511 -0.003916 -1.508261
v -2.341969 0.218731 -1.615148
v -2.318785 0.219129 -1.561705
v -2.315426 0.315316 -1.561708
v -2.341434 0.314807 -1.508175
v -2.341969 0.218731 -1.508261
v -2.504264 0.215932 -1.561705
v -2.461064 0.108470 -1.615148
v -2.481079 0.216329 -1.508261
v -2.540817 0.310895 -1.561705
v -2.306830 0.390468 -1.561705
v -2.295832 0.450060 -1.561705
v -2.324229 0.448705 -1.507708
v -2.606264 0.384931 -1.561705
v -2.600174 0.390440 -1.615148
v -0.533186 0.759047 -1.561705
v -0.525302 0.729928 -1.615148
v -0.478138 0.715796 -1.508261
v -0.488770 0.748775 -1.561705
v -0.525302 0.729928 -1.508261
v -0.477990 0.555240 -1.615148
v -0.416054 0.465917 -1.561705
v -0.470106 0.526121 -1.561705
v -0.477990 0.555240 -1.508261
v -0.407289 0.488151 -1.501846
v -0.647649 0.784993 -1.561705
v -0.645679 0.765607 -1.615148
v -0.576302 0.769350 -1.561705
v -0.571992 0.745623 -1.615148
v -0.546143 0.603264 -1.615148
v -0.731083 0.672254 -1.561708
v -0.633852 0.649291 -1.615148
v -0.631882 0.629905 -1.561705
v -0.541837 0.579541 -1.561705
v -0.939915 0.847184 -1.561708
v -0.735866 0.787927 -1.615148
v -0.832319 0.826202 -1.561705
v -0.736550 0.804455 -1.561705
v -0.830283 0.701636 -1.561705
v -0.938135 0.739191 -1.615148
v -0.830539 0.717206 -1.615148
v -1.190589 0.877323 -1.561705
v -1.064298 0.864352 -1.561705
v -0.939659 0.831759 -1.615152
v -1.064042 0.849355 -1.615148
v -1.062262 0.744365 -1.561705
v -1.188553 0.761155 -1.561705
v -0.937879 0.723766 -1.561705
v -1.190333 0.862803 -1.615148
v -1.303908 0.885721 -1.561705
v -1.416844 0.890681 -1.561705
v -1.302128 0.786075 -1.615148
v -1.188809 0.775679 -1.615148
v -1.416719 0.776798 -1.561705
v -1.301872 0.771842 -1.561705
v -1.188809 0.775679 -1.508261
v -1.302128 0.786075 -1.508261
v -1.541990 0.893349 -1.561705
v -1.676293 0.892585 -1.561705
v -1.416830 0.876448 -1.615148
v -1.677423 0.877350 -1.508261
v -1.542689 0.878736 -1.508261
v -1.684197 0.785930 -1.615148
v -1.547586 0.776418 -1.561705
v -1.684197 0.785930 -1.508261
v -1.816702 0.887246 -1.561705
v -1.817210 0.871292 -1.508261
v -1.939592 0.863785 -1.508261
v -1.820265 0.775578 -1.615148
v -1.685324 0.770695 -1.561705
v -1.820773 0.759628 -1.561705
v -1.937494 0.761919 -1.508261
v -2.144194 0.846016 -1.615148
v -2.083910 0.852597 -1.615148
v -2.144830 0.870455 -1.561705
v -2.233126 0.864600 -1.561705
v -2.144194 0.846016 -1.508261
v -2.018287 0.746871 -1.615148
v -2.017651 0.728338 -1.561705
v -2.018287 0.746871 -1.508261
v -2.079462 0.706215 -1.561705
v -1.937145 0.744939 -1.561705
v -2.022102 0.858037 -1.615148
v -1.939941 0.880758 -1.561708
v -2.022738 0.876559 -1.561705
v -2.084546 0.873507 -1.561705
v -2.022102 0.858037 -1.508261
v -2.080098 0.727125 -1.615148
v -2.139745 0.674929 -1.561705
v -2.221243 0.643274 -1.501494
v -2.193842 0.636147 -1.561705
v -2.687917 0.638110 -1.561705
v -2.670377 0.648963 -1.615148
v -2.672226 0.781710 -1.561708
v -2.658419 0.750134 -1.601296
v -2.666624 0.480005 -1.561705
v -2.621637 0.833287 -1.561705
v -2.237090 0.591544 -1.561705
v -2.268044 0.544792 -1.561705
v -2.285263 0.499564 -1.561705
v -2.307117 0.495554 -1.507794
v -2.378975 0.853129 -1.561705
v -2.526954 0.841029 -1.561705
v -0.133556 0.260679 -1.569384
v -0.207951 0.252105 -1.621608
v -0.168322 0.279374 -1.615428
v -0.161752 0.251590 -1.562814
v -0.168108 0.279319 -1.510141
v -0.079517 0.302904 -1.654636
v -0.138899 0.287614 -1.621027
v -0.138571 0.287600 -1.517437
v -0.105533 0.269966 -1.586887
v -0.079428 0.303229 -1.553728
v -0.118279 0.662629 -1.644758
v -0.016286 0.684970 -1.610531
v -0.067587 0.660572 -1.657097
v -0.069059 0.685778 -1.604856
v -0.121289 0.688640 -1.592458
v -0.172431 0.693966 -1.577959
v -0.167748 0.667118 -1.630518
v -0.168128 0.666921 -1.526697
v -0.118317 0.662615 -1.541925
v -0.222858 0.700713 -1.566215
v -0.217186 0.672399 -1.513808
v -2.618744 0.801414 -0.467690
v -2.550543 0.807223 -0.467687
v -2.553598 0.838852 -1.490444
v -2.621637 0.833287 -1.490447
v -2.689677 0.827726 -1.490451
v -2.616823 0.449977 -1.487648
v -2.547487 0.451467 -1.484855
v -2.685180 0.416897 -0.467687
v -2.615848 0.385193 0.555071
v -2.616336 0.417589 -0.466290
v -2.615848 -0.140883 2.889920
v -2.547487 -0.430574 3.000368
v -2.684209 -0.166832 2.783683
v -2.684209 0.080291 2.678323
v -2.684209 0.045373 2.584016
v -2.684209 -0.191348 2.683300
v -2.684209 -0.142324 2.884065
v -2.684209 -0.469781 2.783766
v -2.547487 0.449389 2.071578
v -2.684209 0.444087 2.071056
v -2.615848 0.446738 2.071316
v -2.615848 0.414938 2.180398
v -2.547487 0.299731 2.392037
v -2.615848 0.367449 2.287216
v -2.684209 0.412387 2.180066
v -2.684209 0.607042 0.767031
v -2.684209 0.460491 0.767031
v -2.684209 0.625197 1.020452
v -2.684209 0.614359 1.356802
v -2.684209 0.593086 1.670386
v -2.615848 0.759645 0.767031
v -2.615848 0.769540 0.555071
v -2.684209 0.753586 0.767031
v -2.615848 0.745889 1.020452
v -2.684209 0.739830 1.020452
v -2.684209 0.718360 1.356802
v -2.547487 0.730474 1.356802
v -2.547487 0.751948 1.020452
v -2.615848 0.724415 1.356802
v -2.547487 0.709039 1.672577
v -2.684209 0.696942 1.672349
v -2.615848 0.479192 1.847863
v -2.547487 0.481850 1.848064
v -2.615848 0.466833 1.960350
v -2.615848 -0.190715 2.685882
v -2.547487 0.047143 2.588862
v -2.547487 0.515694 1.356802
v -2.615848 0.491901 1.668475
v -2.615848 0.513025 1.356802
v -2.615848 0.512880 1.020452
v -2.547487 0.515206 1.020452
v -2.684209 0.510354 1.356802
v -2.684209 0.510558 1.020452
v -2.684209 0.489233 1.668423
v -2.547487 0.385090 0.555071
v -2.684209 0.385294 0.555071
v -2.615848 0.461777 0.767031
v -2.547487 0.463062 0.767031
v -2.684209 0.579942 1.855508
v -2.684209 0.476541 1.847659
v -2.684209 0.683349 1.863358
v -2.684209 0.567489 1.972367
v -2.684209 0.464189 1.960032
v -2.684209 0.548293 2.081149
v -2.684209 0.652488 2.091241
v -2.684209 0.514159 2.193086
v -2.684209 0.456903 2.319404
v -2.684209 0.365192 2.286383
v -2.684209 0.371489 2.448079
v -2.684209 0.296099 2.389050
v -2.684209 0.252840 2.567088
v -2.684209 0.198678 2.487097
v -2.615848 0.702994 1.672463
v -2.615848 0.689373 1.863817
v -2.615848 0.676802 1.985421
v -2.684209 0.670795 1.984702
v -2.547487 0.664526 2.092423
v -2.615848 0.621745 2.206862
v -2.615848 0.658509 2.091832
v -2.615848 0.553757 2.354319
v -2.684209 0.615928 2.206105
v -2.547487 0.558893 2.356213
v -2.547487 0.627558 2.207615
v -2.684209 0.548614 2.352421
v -2.615848 0.451024 2.510502
v -2.684209 0.446877 2.507108
v -2.684209 0.307010 2.647075
v -2.547487 0.455172 2.513896
v -2.615848 0.310020 2.651713
v -2.547487 0.313031 2.656352
v -2.684209 0.115217 2.772630
v -2.615848 0.117225 2.778129
v -2.547487 0.257171 2.573765
v -2.547487 0.377448 2.452966
v -2.547487 0.201311 2.491179
v -2.547487 0.083195 2.686245
v -2.547487 0.119240 2.783628
v -2.547487 0.464293 2.322131
v -2.547487 0.522523 2.194174
v -2.547487 0.369696 2.288049
v -2.547487 0.417495 2.180729
v -2.547487 0.556961 2.082002
v -2.547487 0.576143 1.973404
v -2.547487 0.682806 1.986140
v -2.547487 0.469477 1.960668
v -2.547487 0.588624 1.856169
v -2.547487 0.601802 1.670552
v -2.547487 0.695397 1.864273
v -2.547487 0.494566 1.668523
v -2.615848 0.297917 2.390543
v -2.615848 0.046261 2.586439
v -2.615848 0.199995 2.489139
v -2.547487 0.623089 1.356802
v -2.547487 0.633575 1.020452
v -2.547487 0.614380 0.767031
v -2.547487 0.580343 0.555071
v -2.547487 0.765704 0.767031
v -2.547487 -0.164759 2.792120
v -2.547487 -0.139442 2.895779
v -2.547487 -0.190079 2.688460
v -2.547487 -0.449701 2.894693
v -2.619228 0.641632 -1.489048
v -2.547487 0.775599 0.555071
v -2.549015 0.612752 -0.466290
v -2.547487 0.418280 -0.464891
v -2.686061 0.606251 -0.467690
v -2.687917 0.638110 -1.490448
v -2.684209 0.763481 0.555071
v -2.686943 0.795607 -0.467690
v -2.684209 0.574391 0.555071
v -2.615848 -0.450478 2.890401
v -2.615848 -0.431649 2.994406
v -2.684209 -0.432731 2.988444
v -2.684209 -0.451253 2.886105
v -2.615848 -0.469304 2.786392
v -2.547487 -0.468831 2.789022
vn -0.0012 -0.0012 -1.0000
vn -0.6288 -0.2161 -0.7469
vn -0.0010 -0.0008 -1.0000
vn 0.6266 0.2209 -0.7474
vn 0.6228 0.2413 -0.7443
vn -0.0022 -0.0023 -1.0000
vn -0.6258 -0.2345 -0.7439
vn 0.0644 -0.1220 -0.9904
vn 0.0956 -0.6436 -0.7594
vn 0.2616 -0.1391 -0.9551
vn 0.2257 -0.0374 -0.9735
vn 0.0578 -0.0120 -0.9983
vn -0.0279 -0.0438 -0.9987
vn -0.2091 -0.5298 -0.8219
vn 0.0102 -0.0152 -0.9998
vn -0.4333 -0.2828 -0.8557
vn 0.0723 -0.0165 -0.9972
vn 0.6349 0.1533 -0.7572
vn 0.6286 0.2077 -0.7495
vn -0.6177 -0.2362 -0.7501
vn 0.1750 0.0744 -0.9817
vn 0.0384 0.0925 -0.9950
vn 0.0472 0.6047 -0.7950
vn -0.0507 0.5991 -0.7991
vn -0.0095 0.0986 -0.9951
vn -0.0000 -0.0000 -1.0000
vn 0.0956 -0.0505 -0.9941
vn 0.0057 0.0666 -0.9978
vn -0.0916 0.5862 -0.8050
vn -0.1097 0.5742 -0.8114
vn 0.0333 -0.0007 -0.9994
vn 0.4979 -0.3610 -0.7885
vn 0.1459 -0.0314 -0.9888
vn 0.6473 -0.2077 -0.7334
vn 0.6562 0.0011 -0.7546
vn -0.0033 -0.0036 -1.0000
vn -0.6203 -0.2660 -0.7379
vn 0.6121 0.2780 -0.7403
vn 0.5941 0.3274 -0.7348
vn -0.0035 -0.0041 -1.0000
vn -0.6072 -0.3120 -0.7307
vn -0.0042 -0.0052 -1.0000
vn -0.5871 -0.3616 -0.7243
vn 0.5683 0.3811 -0.7293
vn 0.5301 0.4409 -0.7243
vn -0.0060 -0.0076 -1.0000
vn -0.5615 -0.4140 -0.7164
vn -0.4816 -0.5235 -0.7029
vn -0.0070 -0.0105 -0.9999
vn 0.4831 0.4994 -0.7192
vn -0.0056 -0.0122 -0.9999
vn -0.4217 -0.5815 -0.6957
vn -0.3586 -0.6320 -0.6870
vn -0.0027 -0.0125 -0.9999
vn 0.4300 0.5553 -0.7119
vn 0.3773 0.6039 -0.7021
vn 0.3043 0.6516 -0.6948
vn -0.0047 -0.0124 -0.9999
vn -0.2881 -0.6776 -0.6767
vn -0.0027 -0.0122 -0.9999
vn 0.2175 0.6920 -0.6884
vn 0.1393 0.7174 -0.6826
vn -0.0017 -0.0088 -1.0000
vn -0.2020 -0.7135 -0.6709
vn -0.0012 -0.0065 -1.0000
vn -0.1321 -0.7299 -0.6707
vn 0.0848 0.7280 -0.6803
vn 0.0431 0.7315 -0.6804
vn -0.0007 -0.0060 -1.0000
vn -0.0833 -0.7358 -0.6721
vn 0.0003 -0.0077 -1.0000
vn -0.0429 -0.7385 -0.6729
vn 0.0014 0.7325 -0.6808
vn 0.0017 -0.0070 -1.0000
vn 0.0542 -0.7410 -0.6693
vn 0.0030 -0.7407 -0.6718
vn 0.0015 -0.0063 -1.0000
vn -0.0902 0.7326 -0.6746
vn -0.1421 0.7247 -0.6743
vn 0.0001 -0.0073 -1.0000
vn 0.1026 -0.7391 -0.6658
vn -0.0004 -0.0100 -0.9999
vn 0.1396 -0.7327 -0.6661
vn -0.1941 0.7060 -0.6811
vn -0.2483 0.6753 -0.6945
vn 0.0017 -0.0100 -0.9999
vn 0.1742 -0.7203 -0.6715
vn -0.0039 -0.0092 -0.9999
vn 0.2122 -0.6992 -0.6827
vn -0.3096 0.6312 -0.7111
vn 0.0041 -0.0108 -0.9999
vn 0.3401 -0.6221 -0.7052
vn 0.2560 -0.6694 -0.6974
vn 0.4486 -0.5469 -0.7068
vn 0.0115 -0.0124 -0.9999
vn -0.3682 0.5805 -0.7262
vn -0.4460 0.5141 -0.7327
vn 0.0097 -0.0074 -0.9999
vn 0.5311 -0.4641 -0.7089
vn 0.5886 -0.3904 -0.7079
vn 0.0100 -0.0056 -0.9999
vn -0.5238 0.4436 -0.7272
vn -0.5750 0.3801 -0.7244
vn 0.0085 -0.0033 -1.0000
vn 0.6306 -0.3201 -0.7071
vn 0.0052 -0.0030 -1.0000
vn 0.6739 -0.2138 -0.7072
vn 0.0063 -0.0033 -1.0000
vn -0.6743 0.1686 -0.7190
vn -0.6780 0.1355 -0.7225
vn 0.0040 -0.0027 -1.0000
vn 0.6803 -0.1761 -0.7115
vn 0.0065 -0.0024 -1.0000
vn -0.6413 0.2717 -0.7176
vn -0.6627 0.2152 -0.7173
vn 0.6583 -0.2604 -0.7063
vn 0.0048 -0.0039 -1.0000
vn 0.6806 -0.1499 -0.7171
vn -0.6751 0.1034 -0.7304
vn -0.6637 0.0601 -0.7456
vn 0.0071 -0.0061 -1.0000
vn 0.6762 -0.1337 -0.7245
vn 0.0087 -0.0071 -0.9999
vn 0.6636 -0.1238 -0.7378
vn -0.6450 0.0191 -0.7640
vn -0.6198 -0.0278 -0.7842
vn -0.0361 -0.0160 -0.9992
vn 0.6126 -0.1688 -0.7722
vn 0.6117 -0.5521 -0.5666
vn 0.0560 -0.1101 -0.9923
vn 0.2422 -0.3095 -0.9196
vn 0.1513 -0.1076 -0.9826
vn 0.4490 -0.5218 -0.7254
vn 0.0257 -0.0215 -0.9994
vn -0.1461 0.5723 -0.8069
vn -0.1893 0.5985 -0.7784
vn 0.0084 -0.0049 -1.0000
vn 0.3599 -0.5913 -0.7217
vn 0.2949 -0.6451 -0.7049
vn 0.0112 -0.0040 -0.9999
vn -0.1915 0.6408 -0.7434
vn -0.1738 0.6802 -0.7121
vn 0.0054 0.0010 -1.0000
vn 0.2334 -0.6892 -0.6860
vn 0.1741 -0.7149 -0.6772
vn -0.0004 0.0050 -1.0000
vn -0.1686 0.7102 -0.6835
vn -0.1554 0.7257 -0.6702
vn -0.0007 0.0045 -1.0000
vn 0.1335 -0.7264 -0.6742
vn 0.1070 -0.7355 -0.6691
vn 0.0009 0.0027 -1.0000
vn -0.1243 0.7336 -0.6681
vn -0.0921 0.7413 -0.6648
vn 0.0008 0.0029 -1.0000
vn 0.0817 -0.7438 -0.6634
vn 0.0499 -0.7489 -0.6608
vn -0.0001 0.0045 -1.0000
vn -0.0684 0.7490 -0.6590
vn -0.0449 0.7541 -0.6552
vn -0.0010 0.0037 -1.0000
vn 0.0170 -0.7501 -0.6611
vn -0.0016 0.0025 -1.0000
vn -0.0032 0.7495 -0.6619
vn 0.0199 0.7419 -0.6702
vn -0.0019 0.0023 -1.0000
vn -0.0133 -0.7454 -0.6665
vn -0.0029 0.0008 -1.0000
vn -0.0412 -0.7368 -0.6749
vn 0.0378 0.7308 -0.6816
vn 0.0456 0.7158 -0.6969
vn -0.0049 -0.0000 -1.0000
vn -0.0688 -0.7252 -0.6851
vn -0.0144 -0.0141 -0.9998
vn -0.2415 -0.6284 -0.7395
vn -0.0104 -0.0034 -0.9999
vn 0.0668 0.6339 -0.7705
vn 0.0589 0.6065 -0.7929
vn -0.0144 0.0310 -0.9994
vn -0.3118 -0.5600 -0.7676
vn -0.0072 0.0002 -1.0000
vn -0.1048 -0.7052 -0.7012
vn 0.0527 0.6966 -0.7155
vn 0.0628 0.6693 -0.7403
vn -0.1666 -0.6717 -0.7218
vn -0.0026 0.0908 -0.9959
vn -0.3383 -0.4053 -0.8493
vn 0.0527 0.5973 -0.8003
vn 0.0635 0.5757 -0.8152
vn 0.0199 0.0950 -0.9953
vn -0.0574 -0.0213 -0.9981
vn 0.0378 -0.0070 -0.9993
vn 0.7126 -0.2511 -0.6551
vn 0.0808 0.0154 -0.9966
vn 0.1151 0.0032 -0.9934
vn 0.1761 0.0055 -0.9844
vn -0.0000 0.1237 -0.9923
vn 0.1737 0.1176 -0.9777
vn -0.0000 0.6146 -0.7889
vn 0.1252 0.6123 -0.7806
vn 0.2781 0.0970 -0.9556
vn 0.3170 -0.0134 -0.9483
vn 0.2093 0.0793 -0.9746
vn 0.3552 0.4919 -0.7949
vn 0.7253 0.2033 -0.6577
vn 0.7292 0.0447 -0.6828
vn -0.1003 -0.0096 -0.9949
vn -0.0864 -0.0219 -0.9960
vn 0.4405 -0.3283 -0.8356
vn -0.5981 -0.0740 -0.7980
vn -0.0874 -0.0271 -0.9958
vn -0.0880 -0.0229 -0.9959
vn -0.5218 -0.2323 -0.8208
vn -0.4629 -0.3499 -0.8145
vn -0.0936 -0.0137 -0.9955
vn -0.5849 -0.1012 -0.8048
vn -0.5579 -0.1432 -0.8175
vn 0.3547 -0.0395 -0.9341
vn 0.2881 0.0732 -0.9548
vn 0.1734 0.6017 -0.7797
vn 0.1467 0.5968 -0.7889
vn 0.1688 -0.1025 -0.9803
vn -0.0000 -0.5998 -0.8001
vn -0.0000 -0.1008 -0.9949
vn 0.3387 -0.1133 -0.9340
vn 0.0880 -0.5971 -0.7973
vn 0.4058 -0.1345 -0.9040
vn 0.2130 -0.6025 -0.7692
vn 0.2511 -0.6293 -0.7354
vn -0.0012 -0.0012 1.0000
vn -0.6288 -0.2161 0.7469
vn -0.6258 -0.2345 0.7439
vn -0.0022 -0.0024 1.0000
vn 0.6228 0.2413 0.7443
vn 0.6266 0.2209 0.7474
vn -0.0010 -0.0008 1.0000
vn -0.3404 -0.0428 0.9393
vn -0.3683 -0.4524 0.8122
vn -0.1224 -0.0851 0.9888
vn -0.0481 -0.0397 0.9981
vn -0.0927 0.0171 0.9955
vn -0.2684 0.0415 0.9624
vn 0.0095 -0.0148 0.9998
vn -0.4445 -0.2746 0.8527
vn -0.6181 -0.2349 0.7502
vn 0.6286 0.2077 0.7495
vn 0.6349 0.1533 0.7573
vn 0.0695 -0.0160 0.9975
vn -0.2179 0.1319 0.9670
vn -0.0770 0.1126 0.9907
vn -0.0156 0.0029 0.9999
vn -0.0200 0.1002 0.9948
vn -0.1184 0.5897 0.7989
vn -0.2027 0.5936 0.7788
vn 0.0927 -0.0499 0.9944
vn 0.0037 0.0670 0.9977
vn 0.4979 -0.3610 0.7885
vn 0.0333 -0.0007 0.9994
vn -0.1108 0.5741 0.8113
vn -0.0976 0.5851 0.8050
vn 0.1421 -0.0306 0.9894
vn 0.6562 0.0011 0.7546
vn 0.6473 -0.2077 0.7334
vn -0.0033 -0.0036 1.0000
vn -0.6203 -0.2660 0.7379
vn -0.6072 -0.3120 0.7307
vn -0.0035 -0.0041 1.0000
vn 0.5941 0.3274 0.7348
vn 0.6121 0.2779 0.7403
vn -0.0042 -0.0052 1.0000
vn -0.5871 -0.3616 0.7243
vn -0.5615 -0.4140 0.7164
vn -0.0060 -0.0076 1.0000
vn 0.5301 0.4409 0.7243
vn 0.5682 0.3811 0.7293
vn -0.4816 -0.5235 0.7029
vn -0.0070 -0.0105 0.9999
vn -0.4217 -0.5815 0.6957
vn -0.0056 -0.0122 0.9999
vn 0.4831 0.4994 0.7192
vn -0.3586 -0.6320 0.6870
vn -0.0027 -0.0125 0.9999
vn -0.2881 -0.6776 0.6767
vn -0.0047 -0.0124 0.9999
vn 0.3043 0.6516 0.6948
vn 0.3773 0.6039 0.7021
vn 0.4300 0.5553 0.7119
vn -0.0027 -0.0122 0.9999
vn -0.2020 -0.7135 0.6709
vn -0.0017 -0.0088 1.0000
vn 0.1393 0.7174 0.6826
vn 0.2175 0.6920 0.6884
vn -0.0012 -0.0065 1.0000
vn -0.1321 -0.7299 0.6707
vn -0.0833 -0.7358 0.6721
vn -0.0006 -0.0060 1.0000
vn 0.0431 0.7315 0.6804
vn 0.0848 0.7280 0.6803
vn 0.0004 -0.0077 1.0000
vn -0.0429 -0.7385 0.6729
vn 0.0030 -0.7407 0.6719
vn 0.0542 -0.7410 0.6693
vn 0.0017 -0.0070 1.0000
vn 0.0014 0.7324 0.6808
vn 0.0015 -0.0063 1.0000
vn 0.1026 -0.7390 0.6658
vn 0.0001 -0.0073 1.0000
vn -0.1421 0.7247 0.6743
vn -0.0902 0.7326 0.6747
vn -0.0004 -0.0100 0.9999
vn 0.1396 -0.7327 0.6661
vn 0.1742 -0.7203 0.6715
vn 0.0017 -0.0100 0.9999
vn -0.2483 0.6753 0.6945
vn -0.1941 0.7060 0.6811
vn -0.0039 -0.0092 0.9999
vn 0.2122 -0.6992 0.6827
vn 0.2560 -0.6694 0.6974
vn 0.3401 -0.6221 0.7052
vn 0.0041 -0.0108 0.9999
vn -0.3096 0.6312 0.7111
vn 0.4486 -0.5469 0.7069
vn 0.0115 -0.0123 0.9999
vn 0.5311 -0.4641 0.7089
vn 0.0097 -0.0074 0.9999
vn -0.4460 0.5141 0.7327
vn -0.3682 0.5805 0.7262
vn 0.5886 -0.3903 0.7080
vn 0.0100 -0.0057 0.9999
vn 0.6305 -0.3201 0.7071
vn 0.0085 -0.0033 1.0000
vn -0.5750 0.3801 0.7245
vn -0.5238 0.4436 0.7272
vn 0.0052 -0.0031 1.0000
vn 0.6739 -0.2138 0.7073
vn 0.6803 -0.1761 0.7115
vn 0.0039 -0.0027 1.0000
vn -0.6780 0.1355 0.7225
vn -0.6742 0.1685 0.7190
vn 0.0063 -0.0033 1.0000
vn 0.0065 -0.0023 1.0000
vn 0.6583 -0.2604 0.7063
vn -0.6627 0.2152 0.7173
vn -0.6413 0.2717 0.7176
vn 0.0048 -0.0039 1.0000
vn 0.6806 -0.1499 0.7171
vn 0.6762 -0.1337 0.7245
vn 0.0071 -0.0061 1.0000
vn -0.6637 0.0601 0.7456
vn -0.6751 0.1034 0.7304
vn 0.0078 -0.0086 0.9999
vn 0.6636 -0.1238 0.7378
vn 0.6116 -0.1724 0.7722
vn -0.0377 -0.0235 0.9990
vn -0.6206 -0.0273 0.7837
vn -0.6452 0.0195 0.7638
vn 0.0609 -0.1522 0.9865
vn 0.5908 -0.6279 0.5067
vn 0.2323 -0.3783 0.8961
vn 0.0533 -0.9947 -0.0885
vn -0.4299 -0.4502 0.7826
vn 0.4490 -0.5218 0.7254
vn 0.0257 -0.0215 0.9994
vn 0.3599 -0.5913 0.7217
vn 0.0084 -0.0049 1.0000
vn -0.1893 0.5985 0.7784
vn -0.1461 0.5723 0.8069
vn 0.2949 -0.6451 0.7049
vn 0.0112 -0.0040 0.9999
vn 0.2334 -0.6892 0.6860
vn 0.0054 0.0009 1.0000
vn -0.1738 0.6802 0.7122
vn -0.1915 0.6408 0.7434
vn 0.1741 -0.7149 0.6772
vn -0.0004 0.0050 1.0000
vn 0.1335 -0.7264 0.6742
vn -0.0007 0.0046 1.0000
vn -0.1554 0.7257 0.6703
vn -0.1686 0.7102 0.6835
vn 0.1070 -0.7354 0.6691
vn 0.0009 0.0027 1.0000
vn 0.0817 -0.7438 0.6634
vn 0.0008 0.0029 1.0000
vn -0.0921 0.7413 0.6649
vn -0.1243 0.7336 0.6681
vn 0.0499 -0.7489 0.6608
vn -0.0001 0.0045 1.0000
vn 0.0170 -0.7501 0.6611
vn -0.0010 0.0037 1.0000
vn -0.0449 0.7541 0.6552
vn -0.0684 0.7490 0.6590
vn -0.0016 0.0025 1.0000
vn -0.0133 -0.7454 0.6665
vn -0.0018 0.0023 1.0000
vn 0.0199 0.7419 0.6702
vn -0.0032 0.7495 0.6619
vn -0.0029 0.0008 1.0000
vn -0.0412 -0.7368 0.6749
vn -0.0688 -0.7252 0.6851
vn -0.0049 -0.0000 1.0000
vn 0.0456 0.7158 0.6969
vn 0.0378 0.7308 0.6816
vn -0.0161 -0.0085 0.9998
vn -0.2415 -0.6284 0.7395
vn -0.3277 -0.5549 0.7647
vn -0.0214 0.0257 0.9994
vn 0.0717 0.5839 0.8087
vn 0.0708 0.6332 0.7707
vn -0.0104 -0.0034 0.9999
vn -0.0072 0.0002 1.0000
vn -0.1048 -0.7052 0.7012
vn -0.1666 -0.6717 0.7218
vn 0.0628 0.6693 0.7403
vn 0.0526 0.6966 0.7155
vn -0.0298 0.0515 0.9982
vn -0.4113 -0.4123 0.8129
vn -0.0649 0.0091 0.9979
vn -0.9993 0.0353 0.0080
vn -0.3000 0.9538 -0.0178
vn 0.0061 0.5418 0.8405
vn -0.0000 0.1002 0.9950
vn -0.1474 -0.0116 0.9890
vn -0.1576 0.0984 0.9826
vn -0.3133 0.0074 0.9496
vn -0.2860 0.1084 0.9521
vn -0.1505 0.6119 0.7765
vn -0.0000 0.6239 0.7815
vn -0.1038 -0.0528 0.9932
vn -0.0844 -0.0432 0.9955
vn -0.5953 -0.0896 0.7985
vn 0.4428 -0.3447 0.8277
vn -0.0953 -0.0159 0.9953
vn -0.2040 -0.1143 0.9723
vn -0.5785 -0.4219 0.6981
vn -0.6074 -0.3248 0.7250
vn -0.1848 -0.0404 0.9819
vn -0.6498 -0.1744 0.7399
vn -0.5977 -0.1793 0.7814
vn -0.3844 0.0388 0.9223
vn -0.3229 0.1300 0.9375
vn -0.2766 0.5974 0.7527
vn -0.2518 0.6004 0.7590
vn -0.1431 -0.1176 0.9827
vn -0.0000 -0.6265 0.7795
vn -0.1605 -0.6212 0.7671
vn -0.4117 -0.5627 0.7168
vn -0.3607 -0.0864 0.9287
vn -0.0000 -0.0127 0.9999
vn -0.0000 -0.1203 0.9927
vn -0.5470 -0.4807 0.6854
vn -0.4682 -0.0416 0.8826
vn -0.4433 -0.4874 0.7523
vn -0.1958 0.9806 0.0001
vn -0.1713 0.9852 0.0008
vn -0.2311 0.9729 -0.0000
vn 0.9999 -0.0141 -0.0000
vn 0.9414 -0.3373 -0.0000
vn 0.8329 -0.5534 -0.0000
vn -0.0000 -0.9998 -0.0197
vn -0.0850 -0.9957 -0.0379
vn -0.1583 -0.9858 -0.0555
vn -0.1493 0.9887 0.0105
vn -0.1376 0.9904 0.0138
vn 0.9499 0.3124 -0.0000
vn 0.9728 0.2317 -0.0000
vn -0.8656 -0.5008 0.0009
vn -0.9390 -0.3440 0.0004
vn -0.9452 -0.3264 -0.0000
vn 0.9339 0.3575 -0.0000
vn 0.9438 0.3306 -0.0000
vn -0.9356 -0.3530 -0.0000
vn -0.9175 -0.3977 -0.0000
vn 0.8792 0.4765 -0.0000
vn 0.9133 0.4074 -0.0000
vn -0.8871 -0.4615 -0.0000
vn -0.8487 -0.5288 -0.0000
vn 0.7719 0.6357 -0.0000
vn 0.8338 0.5521 -0.0000
vn -0.8020 -0.5973 -0.0000
vn -0.7479 -0.6638 -0.0000
vn 0.6973 0.7168 -0.0000
vn 0.6153 0.7883 -0.0000
vn -0.6759 -0.7370 -0.0000
vn -0.5281 -0.4671 -0.7092
vn -0.5858 -0.8104 -0.0000
vn -0.5281 -0.4671 0.7092
vn 0.4288 0.9034 -0.0000
vn 0.5332 0.8460 -0.0000
vn -0.4910 -0.8711 -0.0000
vn -0.3869 -0.9221 -0.0000
vn 0.1934 0.9811 -0.0000
vn 0.3050 0.9523 -0.0000
vn -0.2694 -0.9630 -0.0000
vn -0.1765 -0.9843 -0.0000
vn 0.0592 0.9982 -0.0000
vn 0.1166 0.9932 -0.0000
vn -0.1118 -0.9937 -0.0000
vn -0.0577 -0.9983 -0.0000
vn -0.0542 0.9985 -0.0000
vn 0.0031 1.0000 -0.0000
vn 0.0045 -1.0000 -0.0000
vn 0.0752 -0.9972 -0.0000
vn -0.1920 0.9814 -0.0000
vn -0.1194 0.9928 -0.0000
vn -0.0411 0.7338 -0.6781
vn -0.0411 0.7338 0.6782
vn 0.1391 -0.9903 -0.0000
vn 0.1864 -0.9825 -0.0000
vn -0.3551 0.9348 -0.0000
vn -0.2681 0.9634 -0.0000
vn 0.2314 -0.9728 -0.0000
vn 0.2831 -0.9591 -0.0000
vn -0.4508 0.8926 -0.0000
vn -0.5432 0.8396 -0.0000
vn 0.3521 -0.9360 -0.0000
vn 0.4725 -0.8813 -0.0000
vn -0.6604 0.7509 -0.0000
vn -0.7660 0.6429 -0.0000
vn 0.6305 -0.7762 -0.0000
vn 0.7510 -0.6603 -0.0000
vn -0.8347 0.5507 -0.0000
vn -0.6117 0.3266 -0.7205
vn -0.6117 0.3266 0.7205
vn -0.8807 0.4737 -0.0000
vn 0.8326 -0.5539 -0.0000
vn 0.8925 -0.4510 -0.0000
vn -0.9808 0.1950 -0.0000
vn -0.9700 0.2431 -0.0000
vn -0.9500 0.3123 -0.0000
vn 0.9309 -0.3652 -0.0000
vn 0.9537 -0.3007 -0.0000
vn -0.9186 0.3952 -0.0000
vn 0.9681 -0.2505 -0.0000
vn 0.9762 -0.2167 -0.0000
vn -0.9966 0.0820 -0.0000
vn -0.9889 0.1483 -0.0000
vn 0.9801 -0.1987 -0.0000
vn 0.9811 -0.1933 -0.0000
vn -0.9998 0.0174 0.0003
vn -0.9978 -0.0661 0.0023
vn 0.9583 -0.2859 -0.0014
vn 0.8266 -0.5627 -0.0070
vn -0.9891 -0.1470 0.0004
vn -0.9773 -0.2094 -0.0330
vn 0.7942 -0.6077 -0.0026
vn 0.9300 -0.3083 -0.2001
vn -0.2510 0.9680 -0.0000
vn -0.2379 0.9713 -0.0000
vn 0.6756 -0.7373 -0.0000
vn 0.5457 -0.8380 -0.0000
vn -0.2233 0.9748 -0.0000
vn -0.2208 0.9753 -0.0000
vn 0.4374 -0.8993 -0.0000
vn 0.3356 -0.9420 -0.0000
vn -0.2063 0.9785 -0.0000
vn -0.1645 0.9864 -0.0000
vn 0.2421 -0.9702 -0.0000
vn 0.1827 -0.9832 -0.0000
vn -0.1205 0.9927 -0.0000
vn -0.0887 0.9961 -0.0000
vn 0.1468 -0.9892 -0.0000
vn 0.1119 -0.9937 -0.0000
vn -0.0587 0.9983 -0.0000
vn -0.0240 0.7541 -0.6563
vn -0.0240 0.7541 0.6563
vn -0.0325 0.9995 -0.0000
vn 0.0680 -0.9977 -0.0000
vn 0.0213 -0.9998 -0.0000
vn 0.0233 0.9997 -0.0000
vn -0.0067 1.0000 -0.0000
vn -0.0208 -0.9998 -0.0000
vn -0.0598 -0.9982 -0.0000
vn 0.0548 0.9985 -0.0000
vn 0.0472 0.9989 -0.0000
vn -0.1004 -0.9950 -0.0000
vn -0.1587 -0.9873 -0.0000
vn 0.0874 0.9961 0.0141
vn 0.0733 0.9973 -0.0000
vn 0.0601 0.9982 -0.0000
vn -0.2639 -0.9646 -0.0000
vn -0.3920 -0.9200 -0.0000
vn 0.0559 0.9984 -0.0000
vn -0.5313 -0.8472 -0.0000
vn -0.6342 -0.7719 -0.0446
vn 0.9865 -0.0116 -0.1633
vn 0.8522 0.3200 -0.4139
vn 0.8910 -0.0110 -0.4538
vn 0.3049 0.8870 -0.3467
vn 0.0232 0.9799 -0.1984
vn -0.0200 0.9319 -0.3623
vn 0.6512 0.5909 -0.4763
vn -0.7846 -0.6130 -0.0936
vn -0.8742 -0.4778 -0.0863
vn -0.9592 -0.2744 -0.0678
vn 0.0914 0.9941 0.0586
vn -0.3343 -0.9421 0.0274
vn -0.5322 -0.8463 0.0220
vn -0.2724 -0.9619 -0.0220
vn -0.0265 0.9995 -0.0161
vn -0.0000 0.9997 -0.0244
vn -0.0724 0.9973 -0.0119
vn -0.1172 0.9931 -0.0040
vn 0.0848 0.9959 0.0313
vn -0.3072 0.9497 0.0617
vn -0.6734 0.7390 0.0214
vn 0.0882 0.9953 0.0388
vn 0.7358 0.6766 0.0271
vn 0.7381 0.6743 0.0228
vn 0.1405 0.8523 -0.5038
vn -0.0107 -0.9994 -0.0317
vn -0.4727 -0.4855 0.7354
vn 0.0532 -0.9963 -0.0675
vn 0.7017 -0.7122 -0.0213
vn 0.6681 -0.7352 0.1149
vn 0.0004 -0.9878 0.1555
vn -0.7134 -0.7004 -0.0230
vn 0.7305 0.2515 0.6349
vn 0.0844 0.4730 0.8770
vn 0.0870 0.3667 0.9263
vn -0.6571 0.3576 0.6636
vn -0.6682 0.2737 0.6918
vn 0.0674 -0.5006 0.8630
vn 0.5933 -0.4225 0.6852
vn 0.6993 -0.2598 -0.6660
vn 1.0000 -0.0000 -0.0000
vn 0.7183 0.3305 0.6122
vn 0.7071 -0.6958 0.1259
vn 0.5771 -0.7027 -0.4162
vn -0.0385 -0.9726 -0.2293
vn -0.7352 -0.6365 -0.2331
vn -0.7324 -0.6627 -0.1563
vn -0.0389 -0.9889 -0.1437
vn 0.7013 -0.7055 -0.1025
vn 0.7055 -0.6898 -0.1626
vn -0.0367 -0.9384 -0.3436
vn -0.0348 -0.8745 -0.4837
vn -0.7407 -0.5194 -0.4262
vn -0.7389 -0.5896 -0.3261
vn 0.7098 -0.6614 -0.2421
vn 0.7152 -0.6115 -0.3383
vn -0.0344 -0.7726 -0.6340
vn 0.7183 -0.6704 0.1860
vn 1.0000 -0.0001 0.0007
vn 0.7368 0.6752 0.0341
vn 0.7185 -0.6921 0.0691
vn 0.7372 0.6743 0.0444
vn 0.7372 0.6740 0.0469
vn 0.7009 -0.7128 -0.0244
vn 0.0882 0.9948 0.0502
vn -0.6743 0.7375 0.0372
vn -0.6741 0.7373 0.0435
vn 0.0881 0.9944 0.0587
vn 0.0881 0.9940 0.0655
vn 0.7366 0.6752 0.0399
vn -0.6748 0.7364 0.0485
vn -0.6749 0.7361 0.0512
vn 0.0880 0.9937 0.0691
vn -0.0389 -0.9952 -0.0899
vn -0.7285 -0.6779 -0.0985
vn -0.7251 -0.6859 -0.0620
vn -0.0389 -0.9969 -0.0691
vn 0.6936 -0.7187 -0.0498
vn 0.6977 -0.7135 -0.0644
vn -0.0385 -0.3631 -0.9310
vn -0.0252 -0.8663 -0.4988
vn -0.7263 -0.2497 -0.6404
vn -0.7391 -0.3115 -0.5972
vn -0.0373 -0.4622 -0.8860
vn -0.0387 -0.9987 -0.0336
vn -0.7211 -0.6912 -0.0479
vn -0.7284 -0.6847 -0.0227
vn -0.7420 -0.6670 0.0679
vn -0.0332 -0.9944 0.1003
vn -0.0178 -0.9628 0.2698
vn -0.6665 -0.7363 0.1170
vn -0.7310 -0.6566 0.1858
vn 0.7342 0.6764 0.0590
vn 0.7305 0.6765 0.0931
vn 0.7227 0.6713 0.1644
vn 0.7228 0.6441 0.2504
vn 0.7186 0.6079 0.3377
vn 0.7129 0.5438 0.4428
vn 0.7212 -0.4337 -0.5402
vn 0.7133 0.4425 0.5435
vn 0.7134 -0.3241 -0.6213
vn 0.0880 0.9923 0.0866
vn -0.6716 0.7381 0.0644
vn -0.6675 0.7377 0.1014
vn 0.0881 0.9868 0.1357
vn 0.0871 0.9676 0.2368
vn -0.6596 0.7301 0.1786
vn -0.6631 0.6978 0.2710
vn 0.0831 0.9289 0.3610
vn 0.0791 0.8716 0.4838
vn -0.6617 0.6557 0.3637
vn -0.6562 0.5852 0.4764
vn 0.0782 0.7731 0.6294
vn 0.0802 0.6292 0.7731
vn -0.6550 0.4768 0.5861
vn -1.0000 -0.0000 -0.0000
vn -0.7451 -0.4176 -0.5201
vn -0.0354 -0.6257 -0.7793
vn -0.6736 0.7386 0.0281
vn -1.0000 0.0002 -0.0004
vn -0.5959 -0.7008 -0.3922
vn -0.7071 -0.6958 0.1260
vn -0.0207 -0.0070 -0.9998
vn 0.6768 0.5820 -0.4508
vn 0.8642 -0.0096 -0.5030
vn 0.0582 -0.9958 -0.0710
vn -0.4225 -0.4480 0.7879
vn -0.9994 0.0356 -0.0038
vn 0.1456 0.8506 -0.5052
vn -1.0000 0.0078 -0.0012
vn -0.9992 0.0391 -0.0029
vn 0.8653 -0.0116 -0.5012
vn 1.0000 -0.0047 0.0017
vn 0.7667 -0.5741 -0.2874
vn -0.0000 -0.9840 0.1781
vn 0.0012 -0.0013 -1.0000
vn 0.6288 -0.2161 -0.7469
vn 0.6258 -0.2345 -0.7439
vn -0.6266 0.2209 -0.7474
vn 0.0010 -0.0008 -1.0000
vn -0.6228 0.2413 -0.7443
vn 0.0021 -0.0023 -1.0000
vn -0.0644 -0.1220 -0.9904
vn -0.0956 -0.6436 -0.7594
vn 0.2091 -0.5298 -0.8219
vn -0.2257 -0.0374 -0.9735
vn -0.2616 -0.1391 -0.9551
vn 0.0279 -0.0438 -0.9987
vn -0.0577 -0.0120 -0.9983
vn -0.0102 -0.0152 -0.9998
vn 0.4333 -0.2828 -0.8557
vn 0.6177 -0.2362 -0.7501
vn -0.6349 0.1533 -0.7572
vn -0.0723 -0.0165 -0.9972
vn -0.6286 0.2077 -0.7495
vn -0.1750 0.0744 -0.9817
vn -0.0384 0.0925 -0.9950
vn -0.0472 0.6047 -0.7950
vn 0.0095 0.0986 -0.9951
vn 0.0507 0.5991 -0.7990
vn -0.0956 -0.0505 -0.9941
vn -0.0057 0.0666 -0.9978
vn 0.0916 0.5862 -0.8050
vn -0.0333 -0.0007 -0.9994
vn 0.1097 0.5742 -0.8114
vn -0.4979 -0.3610 -0.7885
vn -0.1459 -0.0314 -0.9888
vn -0.6473 -0.2077 -0.7334
vn -0.6562 0.0011 -0.7546
vn 0.0033 -0.0036 -1.0000
vn 0.6203 -0.2660 -0.7379
vn 0.6072 -0.3120 -0.7307
vn -0.6121 0.2779 -0.7403
vn -0.5941 0.3274 -0.7348
vn 0.0035 -0.0041 -1.0000
vn 0.0042 -0.0052 -1.0000
vn 0.5871 -0.3616 -0.7243
vn 0.5615 -0.4140 -0.7164
vn -0.5683 0.3811 -0.7293
vn -0.5301 0.4409 -0.7243
vn 0.0060 -0.0076 -1.0000
vn 0.4816 -0.5235 -0.7028
vn 0.0070 -0.0105 -0.9999
vn 0.0056 -0.0122 -0.9999
vn -0.4831 0.4994 -0.7192
vn 0.4217 -0.5815 -0.6957
vn 0.3586 -0.6319 -0.6870
vn 0.0027 -0.0125 -0.9999
vn -0.4300 0.5553 -0.7119
vn -0.3043 0.6516 -0.6948
vn -0.3773 0.6039 -0.7021
vn 0.2881 -0.6776 -0.6767
vn 0.0047 -0.0124 -0.9999
vn 0.0027 -0.0122 -0.9999
vn 0.2020 -0.7135 -0.6709
vn -0.2175 0.6920 -0.6884
vn -0.1393 0.7174 -0.6826
vn 0.0017 -0.0088 -1.0000
vn 0.0012 -0.0065 -1.0000
vn 0.1321 -0.7299 -0.6707
vn 0.0833 -0.7358 -0.6721
vn -0.0848 0.7280 -0.6803
vn -0.0431 0.7315 -0.6804
vn 0.0007 -0.0060 -1.0000
vn -0.0003 -0.0077 -1.0000
vn 0.0429 -0.7385 -0.6729
vn -0.0030 -0.7407 -0.6718
vn -0.0014 0.7324 -0.6808
vn -0.0017 -0.0070 -1.0000
vn -0.0542 -0.7410 -0.6693
vn -0.0015 -0.0063 -1.0000
vn -0.1026 -0.7391 -0.6658
vn 0.0902 0.7326 -0.6746
vn 0.1421 0.7247 -0.6743
vn -0.0001 -0.0073 -1.0000
vn 0.0004 -0.0100 -0.9999
vn -0.1396 -0.7327 -0.6661
vn -0.1742 -0.7203 -0.6715
vn 0.1941 0.7060 -0.6811
vn 0.2483 0.6753 -0.6945
vn -0.0017 -0.0100 -0.9999
vn 0.0039 -0.0092 -0.9999
vn -0.2122 -0.6992 -0.6827
vn -0.2560 -0.6694 -0.6974
vn -0.0041 -0.0108 -0.9999
vn 0.3096 0.6312 -0.7111
vn -0.3401 -0.6221 -0.7052
vn -0.4486 -0.5469 -0.7068
vn -0.0114 -0.0124 -0.9999
vn 0.3682 0.5805 -0.7262
vn -0.0097 -0.0074 -0.9999
vn 0.4460 0.5141 -0.7327
vn -0.5311 -0.4641 -0.7088
vn -0.5886 -0.3903 -0.7080
vn -0.0100 -0.0056 -0.9999
vn 0.5238 0.4435 -0.7272
vn -0.0085 -0.0033 -1.0000
vn 0.5751 0.3801 -0.7244
vn -0.6306 -0.3201 -0.7071
vn -0.0052 -0.0030 -1.0000
vn -0.6739 -0.2138 -0.7072
vn -0.6803 -0.1761 -0.7115
vn 0.6743 0.1686 -0.7190
vn -0.0063 -0.0033 -1.0000
vn 0.6780 0.1355 -0.7225
vn -0.0040 -0.0027 -1.0000
vn -0.0065 -0.0024 -1.0000
vn -0.6583 -0.2604 -0.7063
vn 0.6413 0.2717 -0.7176
vn 0.6627 0.2152 -0.7173
vn -0.0048 -0.0039 -1.0000
vn -0.6806 -0.1499 -0.7171
vn -0.6762 -0.1337 -0.7245
vn 0.6751 0.1034 -0.7304
vn 0.6637 0.0601 -0.7456
vn -0.0071 -0.0061 -1.0000
vn -0.0087 -0.0071 -0.9999
vn -0.6636 -0.1238 -0.7378
vn -0.6126 -0.1688 -0.7722
vn 0.6450 0.0191 -0.7640
vn 0.6198 -0.0278 -0.7842
vn 0.0361 -0.0160 -0.9992
vn -0.0560 -0.1101 -0.9923
vn -0.6117 -0.5521 -0.5666
vn -0.2422 -0.3095 -0.9196
vn -0.1513 -0.1076 -0.9826
vn -0.4490 -0.5218 -0.7254
vn -0.0257 -0.0215 -0.9994
vn 0.1461 0.5723 -0.8069
vn -0.0084 -0.0049 -1.0000
vn 0.1893 0.5985 -0.7784
vn -0.3599 -0.5913 -0.7217
vn -0.2949 -0.6451 -0.7049
vn -0.0112 -0.0040 -0.9999
vn 0.1915 0.6408 -0.7434
vn -0.0054 0.0010 -1.0000
vn 0.1738 0.6802 -0.7121
vn -0.2334 -0.6892 -0.6860
vn -0.1741 -0.7149 -0.6772
vn 0.0004 0.0050 -1.0000
vn 0.1686 0.7102 -0.6835
vn 0.0007 0.0045 -1.0000
vn 0.1554 0.7257 -0.6702
vn -0.1335 -0.7264 -0.6742
vn -0.1070 -0.7355 -0.6691
vn -0.0009 0.0027 -1.0000
vn 0.1243 0.7336 -0.6681
vn -0.0008 0.0029 -1.0000
vn 0.0921 0.7413 -0.6648
vn -0.0817 -0.7438 -0.6634
vn -0.0499 -0.7489 -0.6608
vn 0.0001 0.0045 -1.0000
vn 0.0684 0.7490 -0.6590
vn 0.0010 0.0037 -1.0000
vn 0.0449 0.7541 -0.6552
vn -0.0170 -0.7501 -0.6611
vn 0.0016 0.0025 -1.0000
vn 0.0133 -0.7454 -0.6665
vn 0.0032 0.7495 -0.6619
vn -0.0199 0.7419 -0.6702
vn 0.0019 0.0023 -1.0000
vn 0.0029 0.0008 -1.0000
vn 0.0412 -0.7368 -0.6749
vn 0.0688 -0.7252 -0.6851
vn -0.0378 0.7308 -0.6816
vn -0.0456 0.7158 -0.6969
vn 0.0049 -0.0000 -1.0000
vn 0.0144 -0.0141 -0.9998
vn 0.2415 -0.6284 -0.7395
vn 0.3118 -0.5600 -0.7676
vn -0.0668 0.6339 -0.7705
vn 0.0104 -0.0034 -0.9999
vn -0.0589 0.6065 -0.7929
vn 0.0144 0.0310 -0.9994
vn 0.0072 0.0002 -1.0000
vn 0.1048 -0.7052 -0.7012
vn 0.1666 -0.6717 -0.7218
vn -0.0527 0.6966 -0.7155
vn -0.0628 0.6693 -0.7403
vn 0.0026 0.0908 -0.9959
vn 0.3383 -0.4053 -0.8493
vn 0.0574 -0.0213 -0.9981
vn -0.0527 0.5973 -0.8003
vn -0.0635 0.5757 -0.8152
vn -0.0199 0.0950 -0.9953
vn -0.0378 -0.0070 -0.9993
vn -0.7126 -0.2511 -0.6551
vn -0.1151 0.0032 -0.9934
vn -0.0808 0.0154 -0.9966
vn -0.1761 0.0055 -0.9844
vn -0.1738 0.1176 -0.9777
vn -0.2781 0.0970 -0.9556
vn -0.1252 0.6124 -0.7806
vn -0.3170 -0.0134 -0.9483
vn -0.2093 0.0793 -0.9746
vn -0.3552 0.4919 -0.7949
vn -0.7253 0.2033 -0.6577
vn -0.7292 0.0447 -0.6828
vn 0.1003 -0.0096 -0.9949
vn 0.0864 -0.0219 -0.9960
vn -0.4405 -0.3283 -0.8356
vn 0.5981 -0.0740 -0.7980
vn 0.0874 -0.0271 -0.9958
vn 0.0880 -0.0229 -0.9959
vn 0.5218 -0.2323 -0.8208
vn 0.4629 -0.3499 -0.8144
vn 0.0936 -0.0137 -0.9955
vn 0.5849 -0.1012 -0.8048
vn 0.5579 -0.1432 -0.8175
vn -0.3547 -0.0395 -0.9341
vn -0.2881 0.0732 -0.9548
vn -0.1734 0.6017 -0.7797
vn -0.1467 0.5968 -0.7889
vn -0.1688 -0.1025 -0.9803
vn -0.0880 -0.5971 -0.7973
vn -0.3387 -0.1133 -0.9340
vn -0.4058 -0.1345 -0.9040
vn -0.2130 -0.6025 -0.7692
vn -0.2511 -0.6293 -0.7354
vn 0.0012 -0.0012 1.0000
vn 0.6288 -0.2161 0.7469
vn 0.0010 -0.0008 1.0000
vn 0.0021 -0.0023 1.0000
vn 0.6258 -0.2345 0.7439
vn -0.6228 0.2413 0.7443
vn -0.6266 0.2209 0.7474
vn 0.3683 -0.4524 0.8122
vn 0.3404 -0.0428 0.9393
vn 0.1224 -0.0851 0.9888
vn 0.0480 -0.0397 0.9981
vn 0.0927 0.0171 0.9955
vn 0.2684 0.0415 0.9624
vn -0.0095 -0.0148 0.9998
vn 0.4445 -0.2746 0.8527
vn -0.0695 -0.0160 0.9975
vn 0.6182 -0.2349 0.7501
vn -0.6286 0.2077 0.7495
vn -0.6349 0.1533 0.7573
vn 0.2179 0.1319 0.9670
vn 0.0770 0.1126 0.9907
vn 0.0156 0.0029 0.9999
vn 0.1183 0.5897 0.7989
vn 0.0200 0.1002 0.9948
vn 0.2027 0.5936 0.7788
vn -0.0927 -0.0499 0.9944
vn -0.0037 0.0670 0.9977
vn -0.4979 -0.3610 0.7885
vn 0.1108 0.5741 0.8113
vn -0.0333 -0.0007 0.9994
vn 0.0976 0.5851 0.8050
vn -0.1421 -0.0306 0.9894
vn -0.6562 0.0011 0.7546
vn -0.6473 -0.2077 0.7334
vn 0.0033 -0.0036 1.0000
vn 0.6203 -0.2660 0.7379
vn 0.0035 -0.0041 1.0000
vn 0.6072 -0.3120 0.7307
vn -0.5941 0.3274 0.7348
vn -0.6121 0.2779 0.7404
vn 0.0042 -0.0052 1.0000
vn 0.5871 -0.3616 0.7243
vn 0.0060 -0.0076 1.0000
vn 0.5615 -0.4140 0.7164
vn -0.5301 0.4409 0.7243
vn -0.5682 0.3811 0.7293
vn 0.4816 -0.5235 0.7028
vn 0.0070 -0.0105 0.9999
vn 0.4217 -0.5815 0.6957
vn -0.4831 0.4994 0.7192
vn 0.0056 -0.0122 0.9999
vn 0.3586 -0.6319 0.6870
vn 0.0027 -0.0125 0.9999
vn 0.2881 -0.6776 0.6767
vn -0.3043 0.6516 0.6948
vn 0.0047 -0.0124 0.9999
vn -0.4300 0.5553 0.7119
vn -0.3773 0.6039 0.7021
vn 0.0027 -0.0122 0.9999
vn 0.0017 -0.0088 1.0000
vn 0.2020 -0.7135 0.6709
vn -0.1393 0.7174 0.6826
vn -0.2175 0.6920 0.6884
vn 0.0012 -0.0065 1.0000
vn 0.1321 -0.7299 0.6707
vn 0.0006 -0.0060 1.0000
vn 0.0833 -0.7358 0.6721
vn -0.0431 0.7315 0.6804
vn -0.0848 0.7280 0.6803
vn -0.0004 -0.0077 1.0000
vn 0.0429 -0.7385 0.6729
vn -0.0542 -0.7410 0.6693
vn -0.0030 -0.7407 0.6719
vn -0.0014 0.7324 0.6808
vn -0.0017 -0.0070 1.0000
vn -0.0015 -0.0063 1.0000
vn -0.0001 -0.0073 1.0000
vn -0.1026 -0.7390 0.6658
vn 0.1421 0.7247 0.6743
vn 0.0902 0.7326 0.6747
vn 0.0004 -0.0100 0.9999
vn -0.1396 -0.7327 0.6661
vn -0.0017 -0.0100 0.9999
vn -0.1742 -0.7203 0.6715
vn 0.2483 0.6753 0.6945
vn 0.1941 0.7060 0.6811
vn 0.0039 -0.0092 0.9999
vn -0.2122 -0.6992 0.6827
vn -0.3401 -0.6221 0.7052
vn -0.2560 -0.6694 0.6974
vn 0.3096 0.6312 0.7111
vn -0.0041 -0.0108 0.9999
vn -0.4486 -0.5469 0.7069
vn -0.0115 -0.0123 0.9999
vn -0.5311 -0.4641 0.7089
vn 0.4459 0.5141 0.7327
vn -0.0097 -0.0074 0.9999
vn 0.3682 0.5805 0.7262
vn -0.5886 -0.3903 0.7080
vn -0.0100 -0.0057 0.9999
vn -0.6306 -0.3201 0.7071
vn 0.5751 0.3801 0.7245
vn -0.0085 -0.0033 1.0000
vn 0.5238 0.4435 0.7272
vn -0.0051 -0.0031 1.0000
vn -0.6739 -0.2138 0.7073
vn -0.0063 -0.0033 1.0000
vn -0.0040 -0.0027 1.0000
vn -0.6803 -0.1761 0.7115
vn 0.6780 0.1355 0.7225
vn 0.6742 0.1685 0.7190
vn -0.0065 -0.0023 1.0000
vn -0.6583 -0.2604 0.7063
vn 0.6627 0.2152 0.7173
vn 0.6413 0.2717 0.7176
vn -0.0048 -0.0039 1.0000
vn -0.6806 -0.1499 0.7171
vn -0.0071 -0.0061 1.0000
vn -0.6762 -0.1337 0.7245
vn 0.6637 0.0601 0.7456
vn 0.6751 0.1034 0.7304
vn -0.0078 -0.0086 0.9999
vn -0.6636 -0.1238 0.7378
vn 0.0377 -0.0235 0.9990
vn -0.6116 -0.1724 0.7722
vn 0.6206 -0.0273 0.7837
vn 0.6452 0.0195 0.7638
vn -0.5908 -0.6279 0.5067
vn -0.0609 -0.1522 0.9865
vn -0.2323 -0.3783 0.8961
vn -0.0533 -0.9947 -0.0885
vn 0.4299 -0.4502 0.7826
vn -0.4490 -0.5218 0.7254
vn -0.0257 -0.0215 0.9994
vn -0.3599 -0.5913 0.7217
vn 0.1893 0.5985 0.7784
vn -0.0084 -0.0049 1.0000
vn 0.1461 0.5723 0.8069
vn -0.2949 -0.6451 0.7049
vn -0.0112 -0.0040 0.9999
vn -0.2334 -0.6892 0.6859
vn 0.1738 0.6802 0.7122
vn -0.0054 0.0009 1.0000
vn 0.1915 0.6408 0.7434
vn -0.1741 -0.7149 0.6772
vn 0.0004 0.0050 1.0000
vn -0.1335 -0.7264 0.6742
vn 0.1554 0.7257 0.6703
vn 0.0007 0.0046 1.0000
vn 0.1686 0.7102 0.6835
vn -0.1070 -0.7354 0.6691
vn -0.0009 0.0027 1.0000
vn -0.0817 -0.7438 0.6634
vn 0.0921 0.7413 0.6649
vn -0.0008 0.0029 1.0000
vn 0.1243 0.7336 0.6681
vn -0.0499 -0.7489 0.6608
vn 0.0001 0.0045 1.0000
vn -0.0170 -0.7501 0.6611
vn 0.0449 0.7541 0.6552
vn 0.0010 0.0037 1.0000
vn 0.0684 0.7490 0.6590
vn 0.0016 0.0025 1.0000
vn 0.0018 0.0023 1.0000
vn 0.0133 -0.7454 0.6665
vn -0.0199 0.7419 0.6702
vn 0.0032 0.7495 0.6619
vn 0.0029 0.0008 1.0000
vn 0.0412 -0.7368 0.6749
vn 0.0049 -0.0000 1.0000
vn 0.0688 -0.7252 0.6851
vn -0.0456 0.7158 0.6969
vn -0.0378 0.7308 0.6816
vn 0.0161 -0.0085 0.9998
vn 0.2415 -0.6284 0.7395
vn 0.0104 -0.0034 0.9999
vn 0.0214 0.0257 0.9994
vn 0.3277 -0.5549 0.7647
vn -0.0717 0.5839 0.8087
vn -0.0708 0.6332 0.7707
vn 0.0072 0.0002 1.0000
vn 0.1048 -0.7052 0.7012
vn 0.1666 -0.6717 0.7218
vn -0.0628 0.6693 0.7403
vn -0.0526 0.6966 0.7155
vn 0.0298 0.0515 0.9982
vn 0.4113 -0.4123 0.8129
vn 0.9993 0.0353 0.0080
vn 0.0648 0.0091 0.9979
vn 0.3000 0.9538 -0.0178
vn -0.0061 0.5418 0.8405
vn 0.1475 -0.0116 0.9890
vn 0.1576 0.0984 0.9826
vn 0.3133 0.0074 0.9496
vn 0.1505 0.6119 0.7765
vn 0.2860 0.1084 0.9521
vn 0.1038 -0.0528 0.9932
vn 0.0844 -0.0432 0.9955
vn 0.5953 -0.0896 0.7985
vn -0.4428 -0.3447 0.8277
vn 0.0953 -0.0159 0.9953
vn 0.2040 -0.1143 0.9723
vn 0.5785 -0.4218 0.6981
vn 0.6074 -0.3248 0.7250
vn 0.1849 -0.0404 0.9819
vn 0.6498 -0.1744 0.7399
vn 0.5977 -0.1793 0.7814
vn 0.3844 0.0388 0.9223
vn 0.3229 0.1300 0.9375
vn 0.2766 0.5974 0.7527
vn 0.2518 0.6004 0.7590
vn 0.1431 -0.1176 0.9827
vn 0.4117 -0.5627 0.7168
vn 0.1605 -0.6212 0.7671
vn 0.3607 -0.0864 0.9287
vn 0.5470 -0.4807 0.6854
vn 0.4683 -0.0416 0.8826
vn 0.4433 -0.4874 0.7523
vn 0.1958 0.9806 0.0001
vn 0.2311 0.9729 -0.0000
vn 0.1713 0.9852 0.0008
vn -0.9999 -0.0141 -0.0000
vn -0.9414 -0.3373 -0.0000
vn -0.8329 -0.5534 -0.0000
vn 0.0850 -0.9957 -0.0379
vn 0.1584 -0.9858 -0.0554
vn 0.1493 0.9887 0.0105
vn 0.1376 0.9904 0.0138
vn -0.9499 0.3124 -0.0000
vn -0.9728 0.2317 -0.0000
vn 0.8656 -0.5008 0.0009
vn 0.9390 -0.3440 0.0004
vn 0.9452 -0.3264 -0.0000
vn -0.9339 0.3575 -0.0000
vn -0.9438 0.3306 -0.0000
vn 0.9356 -0.3530 -0.0000
vn 0.9175 -0.3977 -0.0000
vn -0.8792 0.4765 -0.0000
vn -0.9133 0.4073 -0.0000
vn 0.8871 -0.4615 -0.0000
vn 0.8487 -0.5288 -0.0000
vn -0.7719 0.6357 -0.0000
vn -0.8338 0.5521 -0.0000
vn 0.8020 -0.5973 -0.0000
vn 0.7479 -0.6638 -0.0000
vn -0.6973 0.7168 -0.0000
vn -0.6153 0.7883 -0.0000
vn 0.6759 -0.7370 -0.0000
vn 0.5281 -0.4671 -0.7092
vn 0.5858 -0.8104 -0.0000
vn 0.5281 -0.4671 0.7092
vn -0.4287 0.9034 -0.0000
vn -0.5332 0.8460 -0.0000
vn 0.4910 -0.8711 -0.0000
vn 0.3869 -0.9221 -0.0000
vn -0.1934 0.9811 -0.0000
vn -0.3050 0.9524 -0.0000
vn 0.2694 -0.9630 -0.0000
vn 0.1765 -0.9843 -0.0000
vn -0.0592 0.9982 -0.0000
vn -0.1166 0.9932 -0.0000
vn 0.1118 -0.9937 -0.0000
vn 0.0577 -0.9983 -0.0000
vn 0.0542 0.9985 -0.0000
vn -0.0031 1.0000 -0.0000
vn -0.0045 -1.0000 -0.0000
vn -0.0752 -0.9972 -0.0000
vn 0.1920 0.9814 -0.0000
vn 0.1194 0.9928 -0.0000
vn 0.0411 0.7338 -0.6781
vn 0.0411 0.7338 0.6782
vn -0.1391 -0.9903 -0.0000
vn -0.1864 -0.9825 -0.0000
vn 0.3551 0.9348 -0.0000
vn 0.2680 0.9634 -0.0000
vn -0.2314 -0.9728 -0.0000
vn -0.2831 -0.9591 -0.0000
vn 0.4508 0.8926 -0.0000
vn 0.5432 0.8396 -0.0000
vn -0.3521 -0.9360 -0.0000
vn -0.4725 -0.8813 -0.0000
vn 0.6604 0.7509 -0.0000
vn 0.7660 0.6429 -0.0000
vn -0.6305 -0.7762 -0.0000
vn -0.7510 -0.6603 -0.0000
vn 0.8347 0.5508 -0.0000
vn 0.6117 0.3266 -0.7205
vn 0.8807 0.4737 -0.0000
vn 0.6117 0.3266 0.7205
vn -0.8326 -0.5539 -0.0000
vn -0.8925 -0.4510 -0.0000
vn 0.9808 0.1950 -0.0000
vn 0.9700 0.2431 -0.0000
vn 0.9500 0.3123 -0.0000
vn -0.9309 -0.3652 -0.0000
vn -0.9537 -0.3007 -0.0000
vn 0.9186 0.3952 -0.0000
vn -0.9681 -0.2505 -0.0000
vn -0.9762 -0.2167 -0.0000
vn 0.9966 0.0820 -0.0000
vn 0.9889 0.1483 -0.0000
vn -0.9801 -0.1987 -0.0000
vn -0.9812 -0.1932 -0.0000
vn 0.9998 0.0174 0.0003
vn 0.9978 -0.0661 0.0023
vn -0.9583 -0.2859 -0.0014
vn -0.8266 -0.5627 -0.0070
vn 0.9891 -0.1470 0.0004
vn 0.9773 -0.2094 -0.0330
vn -0.7942 -0.6077 -0.0026
vn -0.9300 -0.3083 -0.2001
vn 0.2510 0.9680 -0.0000
vn 0.2379 0.9713 -0.0000
vn -0.6756 -0.7373 -0.0000
vn -0.5457 -0.8380 -0.0000
vn 0.2233 0.9748 -0.0000
vn 0.2208 0.9753 -0.0000
vn -0.4374 -0.8993 -0.0000
vn -0.3356 -0.9420 -0.0000
vn 0.2063 0.9785 -0.0000
vn 0.1645 0.9864 -0.0000
vn -0.2421 -0.9702 -0.0000
vn -0.1827 -0.9832 -0.0000
vn 0.1205 0.9927 -0.0000
vn 0.0887 0.9961 -0.0000
vn -0.1468 -0.9892 -0.0000
vn -0.1119 -0.9937 -0.0000
vn 0.0587 0.9983 -0.0000
vn 0.0240 0.7541 -0.6563
vn 0.0325 0.9995 -0.0000
vn 0.0240 0.7541 0.6563
vn -0.0680 -0.9977 -0.0000
vn -0.0213 -0.9998 -0.0000
vn -0.0233 0.9997 -0.0000
vn 0.0067 1.0000 -0.0000
vn 0.0208 -0.9998 -0.0000
vn 0.0598 -0.9982 -0.0000
vn -0.0548 0.9985 -0.0000
vn -0.0472 0.9989 -0.0000
vn 0.1004 -0.9950 -0.0000
vn 0.1587 -0.9873 -0.0000
vn -0.0874 0.9961 0.0141
vn -0.0733 0.9973 -0.0000
vn -0.0601 0.9982 -0.0000
vn 0.2639 -0.9646 -0.0000
vn 0.3920 -0.9200 -0.0000
vn -0.0559 0.9984 -0.0000
vn 0.5313 -0.8472 -0.0000
vn 0.6342 -0.7719 -0.0446
vn -0.9865 -0.0116 -0.1633
vn -0.8910 -0.0110 -0.4538
vn -0.8522 0.3200 -0.4139
vn -0.3049 0.8870 -0.3467
vn -0.0232 0.9799 -0.1984
vn -0.6512 0.5909 -0.4763
vn 0.0200 0.9319 -0.3623
vn 0.7846 -0.6129 -0.0936
vn 0.8742 -0.4778 -0.0863
vn 0.9592 -0.2744 -0.0678
vn -0.0914 0.9941 0.0586
vn 0.3343 -0.9421 0.0274
vn 0.5322 -0.8463 0.0220
vn 0.2724 -0.9619 -0.0220
vn 0.0265 0.9995 -0.0161
vn 0.0724 0.9973 -0.0119
vn 0.1172 0.9931 -0.0040
vn -0.0848 0.9959 0.0313
vn 0.3072 0.9497 0.0617
vn -0.1404 0.8523 -0.5038
vn -0.0882 0.9953 0.0388
vn 0.6734 0.7390 0.0214
vn -0.7358 0.6766 0.0271
vn -0.7381 0.6743 0.0228
vn 0.0107 -0.9994 -0.0317
vn 0.4728 -0.4854 0.7354
vn 0.7134 -0.7004 -0.0230
vn -0.7017 -0.7122 -0.0213
vn -0.0532 -0.9963 -0.0675
vn -0.6681 -0.7352 0.1149
vn -0.0004 -0.9878 0.1555
vn -0.0844 0.4730 0.8770
vn -0.7305 0.2515 0.6349
vn -0.0870 0.3667 0.9263
vn 0.6571 0.3576 0.6636
vn -0.0674 -0.5006 0.8630
vn 0.6682 0.2737 0.6918
vn -0.5933 -0.4225 0.6852
vn -0.6993 -0.2598 -0.6660
vn -0.7183 0.3305 0.6122
vn -0.7071 -0.6958 0.1259
vn -0.5771 -0.7027 -0.4162
vn 0.0385 -0.9726 -0.2293
vn 0.7352 -0.6365 -0.2331
vn 0.0367 -0.9384 -0.3436
vn 0.0389 -0.9889 -0.1437
vn 0.7324 -0.6627 -0.1563
vn -0.7013 -0.7055 -0.1025
vn -0.7055 -0.6898 -0.1626
vn 0.0348 -0.8745 -0.4837
vn 0.7407 -0.5194 -0.4262
vn 0.0344 -0.7726 -0.6340
vn 0.7389 -0.5896 -0.3261
vn -0.7099 -0.6614 -0.2421
vn -0.7152 -0.6115 -0.3383
vn -1.0000 -0.0001 0.0007
vn -0.7183 -0.6704 0.1860
vn -0.7368 0.6752 0.0341
vn -0.7185 -0.6921 0.0691
vn -0.7009 -0.7128 -0.0244
vn -0.7372 0.6743 0.0444
vn -0.7372 0.6740 0.0469
vn -0.0882 0.9948 0.0502
vn 0.6743 0.7375 0.0372
vn 0.6741 0.7373 0.0435
vn -0.0881 0.9944 0.0587
vn -0.0881 0.9940 0.0655
vn -0.7366 0.6752 0.0399
vn 0.6748 0.7364 0.0485
vn 0.6749 0.7361 0.0512
vn -0.0880 0.9937 0.0691
vn 0.0389 -0.9952 -0.0899
vn 0.7285 -0.6779 -0.0985
vn 0.0389 -0.9969 -0.0691
vn 0.7251 -0.6859 -0.0620
vn -0.6936 -0.7187 -0.0498
vn -0.6977 -0.7135 -0.0644
vn 0.0385 -0.3630 -0.9310
vn 0.7263 -0.2497 -0.6404
vn 0.0252 -0.8663 -0.4988
vn 0.7391 -0.3115 -0.5972
vn 0.0373 -0.4622 -0.8860
vn 0.0387 -0.9987 -0.0336
vn 0.7211 -0.6912 -0.0479
vn 0.7420 -0.6670 0.0679
vn 0.7284 -0.6847 -0.0227
vn 0.0332 -0.9944 0.1003
vn 0.0178 -0.9628 0.2698
vn 0.6665 -0.7363 0.1170
vn 0.7310 -0.6566 0.1858
vn -0.7342 0.6764 0.0590
vn -0.7305 0.6765 0.0931
vn -0.7227 0.6713 0.1644
vn -0.7228 0.6441 0.2504
vn -0.7186 0.6079 0.3377
vn -0.7129 0.5438 0.4428
vn -0.7212 -0.4337 -0.5402
vn -0.7133 0.4425 0.5435
vn -0.7134 -0.3241 -0.6213
vn -0.0880 0.9923 0.0866
vn 0.6716 0.7381 0.0644
vn 0.6675 0.7377 0.1014
vn -0.0881 0.9868 0.1357
vn -0.0871 0.9676 0.2368
vn 0.6596 0.7301 0.1786
vn 0.6631 0.6978 0.2710
vn -0.0830 0.9289 0.3610
vn -0.0791 0.8716 0.4838
vn 0.6617 0.6557 0.3637
vn 0.6562 0.5852 0.4764
vn -0.0782 0.7731 0.6294
vn -0.0802 0.6292 0.7731
vn 0.6550 0.4768 0.5861
vn 0.7451 -0.4176 -0.5201
vn 0.0354 -0.6257 -0.7793
vn 0.6736 0.7386 0.0281
vn 1.0000 0.0002 -0.0004
vn 0.5959 -0.7008 -0.3922
vn 0.7071 -0.6958 0.1260
vn 0.0207 -0.0070 -0.9998
vn -0.6767 0.5820 -0.4509
vn -0.1456 0.8506 -0.5052
vn -0.0582 -0.9958 -0.0710
vn -0.8642 -0.0096 -0.5030
vn 0.4224 -0.4481 0.7879
vn 0.9994 0.0356 -0.0038
vn 1.0000 0.0078 -0.0012
vn 0.9992 0.0391 -0.0029
vn -0.8653 -0.0116 -0.5012
vn -1.0000 -0.0047 0.0017
vn -0.7667 -0.5741 -0.2874
vn -0.0000 0.0090 -1.0000
vn 0.7050 -0.5190 -0.4833
vn 0.6737 0.5822 -0.4552
vn -0.5436 -0.4002 0.7378
vn 0.7172 -0.5387 -0.4421
vn 0.7651 -0.5613 -0.3156
vn -0.2848 0.9572 0.0515
vn -0.7050 -0.5191 -0.4832
vn -0.6737 0.5821 -0.4553
vn 0.5436 -0.4002 0.7378
vn -0.7172 -0.5387 -0.4421
vn -0.7651 -0.5612 -0.3156
vn 0.2847 0.9572 0.0515
vt 0.815170 0.588117
vt 0.850752 0.612105
vt 0.827209 0.622659
vt 0.792001 0.598717
vt 0.780165 0.565931
vt 0.802512 0.554812
vt 0.838338 0.577516
vt 0.870586 0.706280
vt 0.886473 0.676245
vt 0.880396 0.707961
vt 0.874093 0.740053
vt 0.862708 0.739460
vt 0.857401 0.706429
vt 0.878182 0.673568
vt 0.837223 0.653376
vt 0.869714 0.664472
vt 0.841784 0.681995
vt 0.813555 0.664215
vt 0.803666 0.633213
vt 0.860891 0.642537
vt 0.867341 0.772895
vt 0.854268 0.773578
vt 0.860364 0.806112
vt 0.845546 0.808164
vt 0.838251 0.774761
vt 0.848290 0.739536
vt 0.827807 0.740948
vt 0.816348 0.776943
vt 0.827748 0.811045
vt 0.803989 0.815581
vt 0.794338 0.781260
vt 0.803241 0.736751
vt 0.837465 0.710242
vt 0.814155 0.715887
vt 0.818205 0.691760
vt 0.790641 0.527809
vt 0.824858 0.543693
vt 0.769761 0.540059
vt 0.758821 0.517579
vt 0.778096 0.504237
vt 0.811521 0.515558
vt 0.763412 0.481227
vt 0.797370 0.490895
vt 0.745379 0.494965
vt 0.729633 0.473342
vt 0.746535 0.459343
vt 0.781446 0.467490
vt 0.743032 0.424459
vt 0.727407 0.439146
vt 0.711782 0.453833
vt 0.705129 0.420412
vt 0.718841 0.404769
vt 0.689475 0.386204
vt 0.678801 0.402916
vt 0.691417 0.436055
vt 0.668126 0.419628
vt 0.643823 0.406014
vt 0.651009 0.388402
vt 0.658196 0.370790
vt 0.624343 0.378613
vt 0.620420 0.396675
vt 0.594991 0.390374
vt 0.596439 0.372144
vt 0.628266 0.360551
vt 0.564935 0.367587
vt 0.597887 0.353913
vt 0.564612 0.385874
vt 0.533332 0.383173
vt 0.533318 0.364887
vt 0.565258 0.349300
vt 0.505076 0.363986
vt 0.533303 0.346600
vt 0.505204 0.382273
vt 0.478298 0.364886
vt 0.477383 0.346825
vt 0.504949 0.345700
vt 0.451069 0.367586
vt 0.454346 0.384973
vt 0.428580 0.389024
vt 0.423052 0.372143
vt 0.447791 0.350200
vt 0.393911 0.378613
vt 0.417524 0.355262
vt 0.399889 0.395775
vt 0.370860 0.405226
vt 0.364713 0.387164
vt 0.387933 0.361451
vt 0.336528 0.397966
vt 0.358566 0.369102
vt 0.344081 0.417378
vt 0.312562 0.409723
vt 0.302758 0.389692
vt 0.328975 0.378553
vt 0.283518 0.402406
vt 0.296022 0.421144
vt 0.322366 0.429755
vt 0.308526 0.439881
vt 0.283758 0.433576
vt 0.268554 0.417258
vt 0.255164 0.434811
vt 0.272619 0.448372
vt 0.298962 0.449894
vt 0.290073 0.461933
vt 0.262398 0.465971
vt 0.243087 0.455841
vt 0.236912 0.536769
vt 0.222419 0.508673
vt 0.244318 0.510533
vt 0.259317 0.537054
vt 0.253018 0.565888
vt 0.230275 0.565885
vt 0.214507 0.536485
vt 0.252889 0.486812
vt 0.273719 0.492498
vt 0.266217 0.512393
vt 0.232059 0.481127
vt 0.224012 0.598244
vt 0.207532 0.565882
vt 0.247318 0.598303
vt 0.243321 0.631823
vt 0.218668 0.631548
vt 0.200707 0.598184
vt 0.214786 0.663503
vt 0.194014 0.631273
vt 0.242135 0.663974
vt 0.243125 0.692340
vt 0.212711 0.691736
vt 0.187437 0.663031
vt 0.157358 0.712868
vt 0.184288 0.714936
vt 0.164541 0.719371
vt 0.183048 0.730530
vt 0.160188 0.730602
vt 0.787301 0.754507
vt 0.778000 0.788850
vt 0.781797 0.820166
vt 0.768699 0.823194
vt 0.761066 0.798245
vt 0.766148 0.770259
vt 0.739595 0.785110
vt 0.737269 0.807978
vt 0.755985 0.826232
vt 0.734944 0.830845
vt 0.709534 0.817091
vt 0.710341 0.797599
vt 0.681087 0.806263
vt 0.680787 0.824630
vt 0.708728 0.836583
vt 0.680487 0.842996
vt 0.649057 0.830987
vt 0.649357 0.812790
vt 0.612677 0.818865
vt 0.612377 0.836556
vt 0.648757 0.849184
vt 0.612077 0.854247
vt 0.575134 0.840944
vt 0.575434 0.823816
vt 0.542017 0.826966
vt 0.541717 0.843757
vt 0.574834 0.858073
vt 0.541417 0.860549
vt 0.508131 0.845220
vt 0.508150 0.828428
vt 0.470382 0.845558
vt 0.471207 0.862800
vt 0.431602 0.862575
vt 0.430270 0.844602
vt 0.469557 0.828316
vt 0.389596 0.842182
vt 0.428939 0.826629
vt 0.390196 0.860999
vt 0.353854 0.859086
vt 0.354266 0.839060
vt 0.388996 0.823366
vt 0.294183 0.827217
vt 0.312710 0.807613
vt 0.311960 0.832280
vt 0.293433 0.856047
vt 0.267394 0.854320
vt 0.268272 0.821871
vt 0.294933 0.798386
vt 0.330188 0.835993
vt 0.354678 0.819034
vt 0.329438 0.857848
vt 0.311210 0.856947
vt 0.330938 0.814139
vt 0.225643 0.817310
vt 0.278980 0.786951
vt 0.224384 0.850937
vt 0.180747 0.847370
vt 0.182231 0.810982
vt 0.225280 0.788688
vt 0.162678 0.754775
vt 0.139559 0.740906
vt 0.159449 0.744648
vt 0.183109 0.752325
vt 0.184646 0.764391
vt 0.156717 0.766570
vt 0.163505 0.739048
vt 0.183853 0.742325
vt 0.908998 0.741838
vt 0.921131 0.771875
vt 0.907310 0.771702
vt 0.921131 0.801313
vt 0.905565 0.801660
vt 0.893675 0.771744
vt 0.897051 0.741241
vt 0.153968 0.800336
vt 0.183577 0.781141
vt 0.152824 0.845087
vt 0.132760 0.843446
vt 0.133279 0.787530
vt 0.213962 0.731134
vt 0.212786 0.713876
vt 0.176658 0.691036
vt 0.245660 0.714502
vt 0.221672 0.770077
vt 0.217436 0.756934
vt 0.257098 0.760010
vt 0.266226 0.773797
vt 0.215189 0.744720
vt 0.248903 0.732075
vt 0.252019 0.746674
vt 0.885479 0.740647
vt 0.880414 0.772213
vt 0.890186 0.802433
vt 0.875181 0.804060
vt 0.910573 0.712161
vt 0.921131 0.683558
vt 0.921131 0.712997
vt 0.900202 0.711114
vt 0.912093 0.682578
vt 0.890205 0.709643
vt 0.903241 0.681174
vt 0.894763 0.678921
vt 0.095403 0.194434
vt 0.099697 0.196785
vt 0.097650 0.193189
vt 0.093579 0.191084
vt 0.091693 0.192325
vt 0.093349 0.195660
vt 0.097244 0.198105
vt 0.104816 0.209054
vt 0.105053 0.205040
vt 0.103501 0.208629
vt 0.101767 0.208466
vt 0.101995 0.212747
vt 0.103462 0.212972
vt 0.098926 0.201690
vt 0.103320 0.203926
vt 0.101652 0.200253
vt 0.094982 0.199327
vt 0.096364 0.202887
vt 0.099756 0.205259
vt 0.102216 0.216784
vt 0.100602 0.216749
vt 0.100170 0.212642
vt 0.098662 0.216833
vt 0.099601 0.219919
vt 0.101316 0.219813
vt 0.097535 0.212750
vt 0.095989 0.217052
vt 0.094597 0.212952
vt 0.093310 0.217553
vt 0.094840 0.220646
vt 0.097573 0.220193
vt 0.099041 0.208882
vt 0.097004 0.206260
vt 0.096411 0.209363
vt 0.091950 0.188464
vt 0.095651 0.189864
vt 0.093839 0.187212
vt 0.090317 0.186255
vt 0.088761 0.187602
vt 0.090240 0.189759
vt 0.088478 0.184138
vt 0.092047 0.184962
vt 0.090103 0.182842
vt 0.086456 0.182147
vt 0.085094 0.183503
vt 0.087027 0.185494
vt 0.085687 0.179012
vt 0.084274 0.180316
vt 0.083056 0.177281
vt 0.081817 0.178615
vt 0.083019 0.181695
vt 0.079959 0.175634
vt 0.078971 0.177014
vt 0.076710 0.174221
vt 0.075999 0.175652
vt 0.075383 0.177193
vt 0.078099 0.178494
vt 0.080715 0.180037
vt 0.073164 0.174668
vt 0.073621 0.173191
vt 0.070204 0.173956
vt 0.070000 0.175583
vt 0.072782 0.176260
vt 0.066853 0.173413
vt 0.070460 0.172446
vt 0.066990 0.171889
vt 0.063485 0.173060
vt 0.063413 0.174700
vt 0.066742 0.175052
vt 0.060470 0.172919
vt 0.063554 0.171534
vt 0.060493 0.171397
vt 0.057526 0.171480
vt 0.057602 0.172984
vt 0.060418 0.174563
vt 0.054674 0.173249
vt 0.054373 0.171786
vt 0.051659 0.173725
vt 0.052086 0.175272
vt 0.054900 0.174835
vt 0.048528 0.174427
vt 0.051138 0.172291
vt 0.047926 0.172972
vt 0.045423 0.175366
vt 0.045956 0.176960
vt 0.049024 0.175982
vt 0.042482 0.176555
vt 0.044770 0.173859
vt 0.041701 0.174985
vt 0.039047 0.176228
vt 0.039997 0.177812
vt 0.043128 0.178198
vt 0.037133 0.177465
vt 0.038259 0.178954
vt 0.035626 0.178825
vt 0.036924 0.180153
vt 0.039275 0.180509
vt 0.040810 0.179461
vt 0.034191 0.180436
vt 0.035650 0.181581
vt 0.032777 0.182387
vt 0.034403 0.183297
vt 0.037075 0.182806
vt 0.038152 0.181554
vt 0.030882 0.190468
vt 0.029974 0.187438
vt 0.028802 0.190272
vt 0.029909 0.193548
vt 0.032052 0.193745
vt 0.032950 0.190718
vt 0.031951 0.187754
vt 0.033147 0.185360
vt 0.031335 0.184766
vt 0.033923 0.188138
vt 0.034957 0.186032
vt 0.029003 0.197041
vt 0.027750 0.193381
vt 0.026746 0.196882
vt 0.028249 0.200717
vt 0.030662 0.200805
vt 0.031243 0.197194
vt 0.027731 0.204347
vt 0.025819 0.200568
vt 0.024994 0.204233
vt 0.027550 0.207598
vt 0.030564 0.207446
vt 0.030447 0.204321
vt 0.024531 0.210649
vt 0.021861 0.210933
vt 0.022652 0.211547
vt 0.022224 0.213225
vt 0.023702 0.214066
vt 0.092039 0.215298
vt 0.091352 0.218480
vt 0.089727 0.217032
vt 0.089387 0.219646
vt 0.090622 0.221656
vt 0.092243 0.221171
vt 0.086815 0.218703
vt 0.086687 0.220864
vt 0.083598 0.220144
vt 0.083576 0.222000
vt 0.086602 0.222931
vt 0.089051 0.222208
vt 0.080372 0.221185
vt 0.080382 0.222917
vt 0.076892 0.221998
vt 0.076900 0.223691
vt 0.080478 0.224506
vt 0.083627 0.223729
vt 0.072914 0.222754
vt 0.072930 0.224396
vt 0.068886 0.223367
vt 0.068909 0.224964
vt 0.073009 0.225893
vt 0.076993 0.225236
vt 0.065257 0.223754
vt 0.065279 0.225329
vt 0.061577 0.223926
vt 0.061614 0.225507
vt 0.065315 0.226765
vt 0.068970 0.226422
vt 0.057490 0.225515
vt 0.057396 0.223897
vt 0.053088 0.225306
vt 0.053145 0.226850
vt 0.057552 0.226992
vt 0.048587 0.224833
vt 0.052982 0.223625
vt 0.048598 0.223069
vt 0.044653 0.224238
vt 0.044447 0.226007
vt 0.048524 0.226471
vt 0.037908 0.222246
vt 0.040209 0.220778
vt 0.038289 0.219681
vt 0.034983 0.221131
vt 0.034631 0.224079
vt 0.037543 0.224787
vt 0.039894 0.223029
vt 0.041949 0.223665
vt 0.044815 0.222361
vt 0.042201 0.221634
vt 0.039576 0.225222
vt 0.041671 0.225610
vt 0.030113 0.219497
vt 0.035637 0.217832
vt 0.030539 0.216244
vt 0.024271 0.217603
vt 0.023970 0.221137
vt 0.029896 0.222869
vt 0.112845 0.217533
vt 0.109742 0.213818
vt 0.109246 0.217319
vt 0.107012 0.213508
vt 0.106112 0.217111
vt 0.108893 0.220121
vt 0.112845 0.220256
vt 0.028605 0.211983
vt 0.027807 0.210139
vt 0.030978 0.209889
vt 0.023908 0.208158
vt 0.029793 0.213929
vt 0.031403 0.215067
vt 0.034214 0.215819
vt 0.032917 0.214476
vt 0.030045 0.213145
vt 0.032401 0.213234
vt 0.031615 0.211776
vt 0.105027 0.213226
vt 0.103911 0.216919
vt 0.103108 0.219861
vt 0.105470 0.219988
vt 0.110340 0.210213
vt 0.112845 0.207465
vt 0.110964 0.206938
vt 0.109182 0.206452
vt 0.108075 0.209794
vt 0.112845 0.214143
vt 0.112845 0.210656
vt 0.107597 0.206049
vt 0.106287 0.209426
vt 0.106218 0.205616
vt 0.094523 0.222389
vt 0.092161 0.223660
vt 0.094622 0.223205
vt 0.097232 0.221880
vt 0.091997 0.222890
vt 0.095396 0.206708
vt 0.094107 0.209196
vt 0.094963 0.209392
vt 0.093767 0.211713
vt 0.112845 0.204964
vt 0.112085 0.202301
vt 0.111537 0.204428
vt 0.111209 0.201892
vt 0.110214 0.203959
vt 0.099268 0.221541
vt 0.097264 0.222730
vt 0.099270 0.222388
vt 0.100998 0.221379
vt 0.093653 0.200179
vt 0.093857 0.204077
vt 0.094849 0.203602
vt 0.094360 0.206880
vt 0.105396 0.201305
vt 0.105304 0.197379
vt 0.103658 0.198816
vt 0.103221 0.194575
vt 0.101597 0.195637
vt 0.090565 0.193197
vt 0.091349 0.197254
vt 0.092138 0.196543
vt 0.092790 0.200847
vt 0.101010 0.191465
vt 0.099444 0.192250
vt 0.098834 0.188454
vt 0.097339 0.189056
vt 0.087795 0.188506
vt 0.088477 0.191325
vt 0.089193 0.190644
vt 0.089817 0.193884
vt 0.096854 0.185949
vt 0.095423 0.186457
vt 0.094898 0.183754
vt 0.093533 0.184220
vt 0.084298 0.184419
vt 0.085556 0.187085
vt 0.086148 0.186402
vt 0.087126 0.189189
vt 0.092794 0.181673
vt 0.091505 0.182115
vt 0.089302 0.180139
vt 0.082291 0.182646
vt 0.079639 0.181828
vt 0.081826 0.183381
vt 0.080065 0.181038
vt 0.086889 0.178291
vt 0.090502 0.179708
vt 0.087986 0.177861
vt 0.084121 0.176545
vt 0.087990 0.180857
vt 0.074960 0.178307
vt 0.077178 0.180401
vt 0.077556 0.179553
vt 0.080852 0.174875
vt 0.085100 0.176108
vt 0.081698 0.174427
vt 0.077419 0.173435
vt 0.069773 0.176775
vt 0.072189 0.178364
vt 0.072468 0.177420
vt 0.074632 0.179209
vt 0.074736 0.171892
vt 0.074159 0.172376
vt 0.071290 0.171101
vt 0.070843 0.171606
vt 0.063259 0.175907
vt 0.066353 0.177242
vt 0.066564 0.176256
vt 0.069534 0.177748
vt 0.067559 0.170507
vt 0.067245 0.171032
vt 0.063886 0.170145
vt 0.063701 0.170674
vt 0.057514 0.175821
vt 0.060091 0.176764
vt 0.060277 0.175772
vt 0.063065 0.176897
vt 0.060616 0.170049
vt 0.060546 0.170553
vt 0.057475 0.170656
vt 0.052143 0.176435
vt 0.054710 0.177009
vt 0.054869 0.176022
vt 0.057337 0.176812
vt 0.057625 0.174616
vt 0.054038 0.170471
vt 0.054179 0.170967
vt 0.050562 0.170946
vt 0.050804 0.171467
vt 0.046127 0.178068
vt 0.049054 0.178050
vt 0.049135 0.177121
vt 0.052014 0.177406
vt 0.047148 0.171605
vt 0.047495 0.172134
vt 0.043769 0.172490
vt 0.044239 0.173010
vt 0.043401 0.179266
vt 0.041398 0.181168
vt 0.043486 0.180047
vt 0.041208 0.180473
vt 0.040397 0.173645
vt 0.041023 0.174135
vt 0.037502 0.174970
vt 0.038239 0.175408
vt 0.039803 0.181447
vt 0.039177 0.182974
vt 0.040087 0.182076
vt 0.038808 0.182403
vt 0.036277 0.176726
vt 0.035554 0.176363
vt 0.034760 0.178198
vt 0.037848 0.183555
vt 0.037434 0.185370
vt 0.038294 0.184065
vt 0.036018 0.184291
vt 0.036908 0.184921
vt 0.033314 0.179930
vt 0.034111 0.177921
vt 0.032729 0.179743
vt 0.031857 0.182007
vt 0.033281 0.194010
vt 0.034880 0.191336
vt 0.034136 0.191015
vt 0.035749 0.188849
vt 0.035048 0.188499
vt 0.029676 0.184433
vt 0.030309 0.184514
vt 0.028104 0.187200
vt 0.028830 0.187279
vt 0.036593 0.186913
vt 0.035973 0.186519
vt 0.026791 0.190023
vt 0.027582 0.190133
vt 0.025638 0.193025
vt 0.026473 0.193205
vt 0.032025 0.200990
vt 0.033334 0.197704
vt 0.032528 0.197429
vt 0.034052 0.194310
vt 0.024543 0.196326
vt 0.025414 0.196628
vt 0.023505 0.199721
vt 0.024407 0.200199
vt 0.031922 0.204413
vt 0.032959 0.207482
vt 0.032777 0.204565
vt 0.032863 0.201222
vt 0.032125 0.207430
vt 0.022525 0.203005
vt 0.023459 0.203719
vt 0.021441 0.206257
vt 0.022384 0.207101
vt 0.032538 0.209772
vt 0.033716 0.211440
vt 0.033293 0.209721
vt 0.033057 0.211600
vt 0.020090 0.209556
vt 0.020995 0.210259
vt 0.019194 0.213317
vt 0.020006 0.213661
vt 0.090508 0.223207
vt 0.089292 0.224242
vt 0.090702 0.223944
vt 0.089080 0.223534
vt 0.092021 0.213729
vt 0.093178 0.211175
vt 0.091651 0.212966
vt 0.089709 0.215550
vt 0.086736 0.224066
vt 0.084096 0.225340
vt 0.086979 0.224734
vt 0.083825 0.224719
vt 0.086813 0.217285
vt 0.089511 0.214633
vt 0.086746 0.216239
vt 0.083620 0.218773
vt 0.080695 0.225411
vt 0.077468 0.226617
vt 0.080973 0.225976
vt 0.077201 0.226097
vt 0.080414 0.219850
vt 0.083642 0.217645
vt 0.080483 0.218712
vt 0.076934 0.220693
vt 0.073197 0.226732
vt 0.069336 0.227760
vt 0.073439 0.227241
vt 0.069128 0.227249
vt 0.072919 0.221481
vt 0.077003 0.219581
vt 0.072934 0.220393
vt 0.068841 0.222121
vt 0.065441 0.227581
vt 0.061872 0.228262
vt 0.065612 0.228088
vt 0.061643 0.226947
vt 0.061741 0.227761
vt 0.065176 0.222521
vt 0.068785 0.221051
vt 0.065065 0.221459
vt 0.061457 0.222693
vt 0.053198 0.227709
vt 0.057722 0.228320
vt 0.057632 0.227819
vt 0.057004 0.221588
vt 0.057221 0.222650
vt 0.052529 0.221293
vt 0.052779 0.222356
vt 0.044381 0.226995
vt 0.048543 0.227940
vt 0.048519 0.227386
vt 0.053249 0.228225
vt 0.048214 0.220718
vt 0.048447 0.221776
vt 0.044577 0.220014
vt 0.044752 0.221047
vt 0.034441 0.225498
vt 0.037344 0.226746
vt 0.037391 0.226079
vt 0.039424 0.227049
vt 0.039452 0.226392
vt 0.042137 0.219328
vt 0.042226 0.220306
vt 0.040335 0.218546
vt 0.040322 0.219435
vt 0.041559 0.227314
vt 0.041570 0.226680
vt 0.044385 0.227593
vt 0.038609 0.217552
vt 0.038493 0.218316
vt 0.036825 0.217047
vt 0.019478 0.217953
vt 0.020134 0.217772
vt 0.020528 0.221832
vt 0.021040 0.221223
vt 0.020791 0.217591
vt 0.021935 0.223321
vt 0.022387 0.222645
vt 0.024595 0.223893
vt 0.024987 0.223288
vt 0.022838 0.221969
vt 0.021552 0.220614
vt 0.035402 0.215725
vt 0.037057 0.216416
vt 0.035777 0.215208
vt 0.034295 0.214388
vt 0.033579 0.213076
vt 0.034802 0.213983
vt 0.034167 0.212794
vt 0.029405 0.225019
vt 0.029656 0.224403
vt 0.034332 0.226153
vt 0.107607 0.203241
vt 0.108101 0.200795
vt 0.106582 0.202624
vt 0.107013 0.199558
vt 0.110102 0.201677
vt 0.108861 0.203625
vt 0.108991 0.201398
vt 0.108725 0.221631
vt 0.105065 0.222379
vt 0.108649 0.222496
vt 0.112845 0.221740
vt 0.105180 0.221520
vt 0.102786 0.221404
vt 0.100972 0.222215
vt 0.102705 0.222249
vt 0.755458 0.241823
vt 0.967459 0.244315
vt 0.755458 0.244315
vt 0.543457 0.241823
vt 0.543457 0.239330
vt 0.755458 0.239330
vt 0.967459 0.241823
vt 0.755403 0.158712
vt 0.967486 0.163388
vt 0.967486 0.158712
vt 0.755403 0.154035
vt 0.543321 0.154035
vt 0.543321 0.158712
vt 0.755403 0.163388
vt 0.164300 0.239330
vt 0.184002 0.241823
vt 0.164300 0.241823
vt 0.184002 0.244315
vt 0.164300 0.244315
vt 0.144078 0.241823
vt 0.144078 0.239330
vt 0.164300 0.194286
vt 0.184002 0.216808
vt 0.164300 0.216808
vt 0.184002 0.239330
vt 0.144078 0.216808
vt 0.144078 0.194286
vt 0.255619 0.189410
vt 0.243837 0.184534
vt 0.255619 0.184534
vt 0.268479 0.189410
vt 0.268479 0.194286
vt 0.255619 0.194286
vt 0.243837 0.189410
vt 0.232270 0.189410
vt 0.219139 0.184534
vt 0.232270 0.184534
vt 0.243837 0.194286
vt 0.232270 0.194286
vt 0.219139 0.189410
vt 0.499761 0.178837
vt 0.543457 0.201359
vt 0.499761 0.209084
vt 0.499761 0.239330
vt 0.447362 0.214877
vt 0.447362 0.190424
vt 0.377556 0.216808
vt 0.377556 0.239330
vt 0.314731 0.239330
vt 0.314731 0.216808
vt 0.377556 0.194286
vt 0.499761 0.241823
vt 0.499761 0.244315
vt 0.447362 0.244315
vt 0.447362 0.241823
vt 0.377556 0.241823
vt 0.447362 0.239330
vt 0.377556 0.244315
vt 0.314731 0.244315
vt 0.314731 0.241823
vt 0.283278 0.189410
vt 0.268479 0.184534
vt 0.283278 0.184534
vt 0.299046 0.189410
vt 0.314731 0.194286
vt 0.283278 0.194286
vt 0.164300 0.189410
vt 0.144078 0.189410
vt 0.164300 0.184534
vt 0.184002 0.184534
vt 0.184002 0.189410
vt 0.377496 0.189410
vt 0.314716 0.194286
vt 0.377496 0.194286
vt 0.447255 0.190424
vt 0.447255 0.185573
vt 0.447255 0.180722
vt 0.377496 0.184534
vt 0.499633 0.174061
vt 0.543321 0.163388
vt 0.499633 0.169285
vt 0.499633 0.178837
vt 0.283278 0.216808
vt 0.283278 0.239330
vt 0.268479 0.239330
vt 0.268479 0.216808
vt 0.255619 0.216808
vt 0.255619 0.239330
vt 0.243837 0.239330
vt 0.243837 0.216808
vt 0.232270 0.216808
vt 0.232270 0.239330
vt 0.219139 0.239330
vt 0.219139 0.216808
vt 0.202666 0.194286
vt 0.202666 0.216808
vt 0.202666 0.239330
vt 0.184002 0.194286
vt 0.283278 0.241823
vt 0.283278 0.244315
vt 0.268479 0.244315
vt 0.268479 0.241823
vt 0.255619 0.241823
vt 0.255619 0.244315
vt 0.243837 0.244315
vt 0.243837 0.241823
vt 0.232270 0.241823
vt 0.232270 0.244315
vt 0.219139 0.244315
vt 0.219139 0.241823
vt 0.202666 0.241823
vt 0.202666 0.244315
vt 0.314716 0.216808
vt 0.202666 0.189410
vt 0.202666 0.184534
vt 0.377496 0.239330
vt 0.447255 0.214877
vt 0.377496 0.216808
vt 0.314716 0.239330
vt 0.499633 0.209084
vt 0.543321 0.239330
vt 0.543321 0.201359
vt 0.499633 0.239330
vt 0.000000 0.000000
vt 0.755403 0.201359
vt 0.755403 0.239330
vt 0.967486 0.201359
vt 0.967459 0.201359
vt 0.755458 0.201359
vt 0.755458 0.163388
vt 0.967459 0.163388
vt 0.134608 0.218020
vt 0.140933 0.231135
vt 0.134521 0.231135
vt 0.128197 0.218020
vt 0.128286 0.204904
vt 0.134695 0.204904
vt 0.141018 0.218020
vt 0.763437 0.445344
vt 0.479212 0.382948
vt 0.281709 0.476100
vt 0.508113 0.862012
vt 0.921131 0.742436
vt 0.020900 0.214570
vt 0.112845 0.202808
vt 0.083784 0.185115
vt 0.078128 0.172970
vt 0.057437 0.170173
vt 0.046116 0.178934
vt 0.031290 0.181891
vt 0.061296 0.221633
vt 0.112845 0.222606
vt 0.543457 0.244315
vt 0.967459 0.239330
vt 0.967486 0.154035
vt 0.144078 0.244315
vt 0.219139 0.194286
vt 0.543457 0.163388
vt 0.299046 0.184534
vt 0.144078 0.184534
vt 0.447255 0.239330
vt 0.967486 0.239330
vt 0.128109 0.231135
vt 0.141104 0.204904
s 1
f 1/1/1 336/2/2 12/3/3
f 12/3/3 2/4/4 1/1/1
f 1/1/1 339/5/5 25/6/6
f 25/6/6 3/7/7 1/1/1
f 7/8/8 579/9/9 163/10/10
f 7/8/8 4/11/11 5/12/12
f 5/12/12 8/13/13 7/8/8
f 8/13/13 580/14/14 7/8/8
f 11/15/15 335/16/16 21/17/17
f 21/17/17 9/18/18 11/15/15
f 11/15/15 10/19/19 12/3/3
f 12/3/3 13/20/20 11/15/15
f 5/12/12 14/21/21 16/22/22
f 16/22/22 15/23/23 328/24/24
f 328/24/24 17/25/25 16/22/22
f 16/22/22 6/26/26 5/12/12
f 20/27/27 17/25/25 19/28/28
f 19/28/28 327/29/29 18/30/30
f 18/30/30 91/31/31 19/28/28
f 19/28/28 480/32/32 20/27/27
f 21/17/17 8/13/13 22/33/33
f 22/33/33 6/26/26 20/27/27
f 20/27/27 23/34/34 22/33/33
f 22/33/33 322/35/35 21/17/17
f 27/36/36 344/37/37 25/6/6
f 25/6/6 350/38/38 27/36/36
f 27/36/36 26/39/39 29/40/40
f 29/40/40 24/41/41 27/36/36
f 30/42/42 359/43/43 29/40/40
f 29/40/40 355/44/44 30/42/42
f 30/42/42 354/45/45 32/46/46
f 32/46/46 28/47/47 30/42/42
f 31/48/48 32/46/46 33/49/49
f 33/49/49 354/45/45 367/50/50
f 367/50/50 35/51/51 33/49/49
f 33/49/49 374/52/52 31/48/48
f 375/53/53 35/51/51 36/54/54
f 36/54/54 34/55/55 372/56/56
f 36/54/54 381/57/57 39/58/58
f 36/54/54 377/59/59 375/53/53
f 38/60/60 377/59/59 39/58/58
f 39/58/58 380/61/61 38/60/60
f 38/60/60 390/62/62 42/63/63
f 42/63/63 37/64/64 38/60/60
f 40/65/65 393/66/66 42/63/63
f 42/63/63 43/67/67 40/65/65
f 40/65/65 388/68/68 44/69/69
f 44/69/69 41/70/70 40/65/65
f 46/71/71 394/72/72 44/69/69
f 44/69/69 45/73/73 46/71/71
f 45/73/73 49/74/74 46/71/71
f 46/71/71 48/75/75 47/76/76
f 50/77/77 48/75/75 49/74/74
f 49/74/74 403/78/78 50/77/77
f 50/77/77 55/79/79 54/80/80
f 54/80/80 408/81/81 50/77/77
f 51/82/82 53/83/83 54/80/80
f 54/80/80 413/84/84 51/82/82
f 51/82/82 56/85/85 58/86/86
f 58/86/86 52/87/87 51/82/82
f 59/88/88 57/89/89 58/86/86
f 59/88/88 56/85/85 419/90/90
f 419/90/90 60/91/91 59/88/88
f 59/88/88 63/92/92 61/93/93
f 62/94/94 60/91/91 64/95/95
f 64/95/95 418/96/96 425/97/97
f 425/97/97 67/98/98 64/95/95
f 64/95/95 66/99/99 62/94/94
f 437/100/100 67/98/98 69/101/101
f 69/101/101 65/102/102 432/103/103
f 432/103/103 68/104/104 69/101/101
f 69/101/101 449/105/105 437/100/100
f 72/106/106 71/107/107 76/108/108
f 76/108/108 442/109/109 72/106/106
f 72/106/106 441/110/110 79/111/111
f 79/111/111 70/112/112 72/106/106
f 73/113/113 449/105/105 68/104/104
f 68/104/104 74/114/114 73/113/113
f 73/113/113 75/115/115 76/108/108
f 76/108/108 450/116/116 73/113/113
f 77/117/117 78/118/118 79/111/111
f 79/111/111 456/119/119 77/117/117
f 77/117/117 80/120/120 83/121/121
f 83/121/121 460/122/122 77/117/117
f 82/123/123 81/124/124 83/121/121
f 83/121/121 463/125/125 82/123/123
f 82/123/123 84/126/126 85/127/127
f 85/127/127 467/128/128 82/123/123
f 86/129/129 89/130/130 88/131/131
f 88/131/131 90/132/26 136/133/132
f 136/133/132 86/129/129 88/131/131
f 95/134/133 91/31/31 94/135/134
f 94/135/134 318/136/135 92/137/136
f 92/137/136 93/138/137 94/135/134
f 94/135/134 491/139/138 95/134/133
f 492/140/139 93/138/137 96/141/140
f 96/141/140 485/142/141 484/143/142
f 484/143/142 99/144/143 96/141/140
f 96/141/140 98/145/144 492/140/139
f 101/146/145 99/144/143 97/147/146
f 97/147/146 496/148/147 495/149/148
f 495/149/148 100/150/149 97/147/146
f 97/147/146 102/151/150 101/146/145
f 106/152/151 100/150/149 103/153/152
f 103/153/152 104/154/153 105/155/154
f 105/155/154 110/156/155 103/153/152
f 103/153/152 108/157/156 106/152/151
f 107/158/157 110/156/155 109/159/158
f 109/159/158 505/160/159 111/161/160
f 111/161/160 112/162/161 109/159/158
f 109/159/158 113/163/162 107/158/157
f 114/164/163 113/163/162 112/162/161
f 112/162/161 519/165/164 114/164/163
f 114/164/163 518/166/165 116/167/166
f 116/167/166 526/168/167 114/164/163
f 117/169/168 532/170/169 116/167/166
f 116/167/166 529/171/170 117/169/168
f 117/169/168 547/172/171 123/173/172
f 123/173/172 115/174/173 117/169/168
f 118/175/174 553/176/175 125/177/176
f 125/177/176 539/178/177 118/175/174
f 118/175/174 538/179/178 127/180/179
f 127/180/179 119/181/180 118/175/174
f 120/182/181 122/183/182 123/173/172
f 123/173/172 124/184/183 120/182/181
f 120/182/181 546/185/184 125/177/176
f 125/177/176 121/186/185 120/182/181
f 128/187/186 555/188/187 127/180/179
f 127/180/179 576/189/188 128/187/186
f 128/187/186 144/190/189 129/191/190
f 129/191/190 126/192/191 128/187/186
f 131/193/192 474/194/193 133/195/194
f 131/193/192 134/196/26 135/197/26
f 135/197/26 132/198/195 131/193/192
f 133/195/194 136/133/132 137/199/26
f 137/199/26 90/132/26 138/200/26
f 137/199/26 134/196/26 133/195/194
f 158/201/196 862/202/197 140/203/198
f 140/203/198 861/204/199 588/205/200
f 588/205/200 141/206/201 140/203/198
f 140/203/198 142/207/202 158/201/196
f 143/208/203 130/209/26 129/191/190
f 129/191/190 561/210/204 143/208/203
f 143/208/203 145/211/205 146/212/206
f 146/212/206 132/198/195 143/208/203
f 148/213/207 89/130/130 147/214/208
f 147/214/208 87/215/209 85/127/127
f 147/214/208 84/126/126 471/216/210
f 471/216/210 148/213/207 147/214/208
f 150/217/211 130/209/26 135/197/26
f 135/197/26 149/218/212 150/217/211
f 150/217/211 153/219/213 567/220/214
f 567/220/214 126/192/191 150/217/211
f 152/221/215 134/196/26 138/200/26
f 138/200/26 148/213/207 152/221/215
f 152/221/215 151/222/216 571/223/217
f 571/223/217 149/218/212 152/221/215
f 154/224/218 141/206/201 155/225/219
f 155/225/219 139/226/220 156/227/221
f 156/227/221 14/21/21 155/225/219
f 155/225/219 4/11/11 154/224/218
f 159/228/222 1051/229/223 884/230/224
f 884/230/224 158/201/196 159/228/222
f 158/201/196 160/231/225 159/228/222
f 160/231/225 157/232/226 159/228/222
f 162/233/227 161/234/228 160/231/225
f 162/233/227 142/207/202 154/224/218
f 154/224/218 163/10/10 162/233/227
f 163/10/10 585/235/229 162/233/227
f 166/236/230 170/237/231 347/238/232
f 347/238/232 164/239/233 166/236/230
f 166/236/230 342/240/234 165/241/235
f 165/241/235 171/242/236 166/236/230
f 313/243/237 168/244/238 167/245/239
f 168/244/238 187/246/240 167/245/239
f 187/246/240 173/247/241 167/245/239
f 167/245/239 314/248/242 313/243/237
f 172/249/243 182/250/244 338/251/245
f 338/251/245 171/242/236 172/249/243
f 172/249/243 334/252/246 332/253/247
f 332/253/247 169/254/248 172/249/243
f 176/255/249 173/247/241 174/256/250
f 174/256/250 186/257/251 180/258/252
f 180/258/252 175/259/253 174/256/250
f 174/256/250 595/260/254 176/255/249
f 180/258/252 185/261/255 177/262/256
f 177/262/256 184/263/257 178/264/258
f 178/264/258 179/265/259 177/262/256
f 177/262/256 330/266/260 180/258/252
f 187/246/240 169/254/248 181/267/261
f 181/267/261 324/268/262 183/269/263
f 183/269/263 185/261/255 181/267/261
f 181/267/261 186/257/251 187/246/240
f 188/270/264 346/271/265 189/272/266
f 189/272/266 191/273/267 188/270/264
f 188/270/264 190/274/268 352/275/269
f 352/275/269 164/239/233 188/270/264
f 193/276/270 192/277/271 363/278/272
f 363/278/272 194/279/273 193/276/270
f 193/276/270 201/280/274 195/281/275
f 195/281/275 191/273/267 193/276/270
f 194/279/273 196/282/276 197/283/277
f 197/283/277 198/284/278 199/285/279
f 199/285/279 200/286/280 197/283/277
f 197/283/277 201/280/274 194/279/273
f 199/285/279 202/287/281 205/288/282
f 205/288/282 203/289/283 204/290/284
f 205/288/282 210/291/285 373/292/286
f 205/288/282 369/293/287 199/285/279
f 206/294/288 203/289/283 207/295/289
f 207/295/289 214/296/290 206/294/288
f 206/294/288 208/297/291 209/298/292
f 209/298/292 204/290/284 206/294/288
f 211/299/293 386/300/294 212/301/295
f 212/301/295 213/302/296 211/299/293
f 211/299/293 392/303/297 391/304/298
f 391/304/298 214/296/290 211/299/293
f 219/305/299 215/306/300 216/307/301
f 219/305/299 217/308/302 223/309/303
f 223/309/303 218/310/304 219/305/299
f 218/310/304 213/302/296 219/305/299
f 220/311/305 217/308/302 410/312/306
f 410/312/306 221/313/307 220/311/305
f 220/311/305 406/314/308 405/315/309
f 405/315/309 223/309/303 220/311/305
f 224/316/310 225/317/311 226/318/312
f 226/318/312 228/319/313 224/316/310
f 224/316/310 232/320/314 414/321/315
f 414/321/315 221/313/307 224/316/310
f 229/322/316 227/323/317 422/324/318
f 229/322/316 421/325/319 237/326/320
f 237/326/320 231/327/321 229/322/316
f 229/322/316 232/320/314 228/319/313
f 237/326/320 233/328/322 235/329/323
f 235/329/323 440/330/324 234/331/325
f 234/331/325 236/332/326 235/329/323
f 235/329/323 230/333/327 237/326/320
f 234/331/325 439/334/328 240/335/329
f 240/335/329 238/336/330 249/337/331
f 249/337/331 435/338/332 240/335/329
f 240/335/329 434/339/333 234/331/325
f 243/340/334 452/341/335 241/342/336
f 241/342/336 242/343/337 243/340/334
f 243/340/334 255/344/338 244/345/339
f 244/345/339 247/346/340 243/340/334
f 246/347/341 238/336/330 245/348/342
f 245/348/342 247/346/340 246/347/341
f 246/347/341 445/349/343 248/350/344
f 248/350/344 249/337/331 246/347/341
f 254/351/345 455/352/346 250/353/347
f 250/353/347 252/354/348 254/351/345
f 254/351/345 253/355/349 458/356/350
f 458/356/350 242/343/337 254/351/345
f 256/357/351 251/358/352 257/359/353
f 257/359/353 258/360/354 256/357/351
f 256/357/351 259/361/355 466/362/356
f 466/362/356 252/354/348 256/357/351
f 297/363/357 475/364/358 260/365/359
f 475/364/358 716/366/360 260/365/359
f 260/365/359 719/367/361 297/363/357
f 178/264/258 482/368/362 262/369/363
f 262/369/363 494/370/364 263/371/365
f 263/371/365 478/372/366 262/369/363
f 262/369/363 264/373/367 178/264/258
f 263/371/365 265/374/368 266/375/369
f 266/375/369 268/376/370 267/377/371
f 267/377/371 488/378/372 266/375/369
f 266/375/369 479/379/373 263/371/365
f 267/377/371 503/380/374 269/381/375
f 269/381/375 501/382/376 270/383/377
f 270/383/377 271/384/378 269/381/375
f 269/381/375 489/385/379 267/377/371
f 270/383/377 511/386/380 272/387/381
f 272/387/381 510/388/382 273/389/383
f 273/389/383 507/390/384 272/387/381
f 272/387/381 498/391/385 270/383/377
f 273/389/383 515/392/386 274/393/387
f 274/393/387 279/394/388 278/395/389
f 278/395/389 275/396/390 274/393/387
f 274/393/387 276/397/391 273/389/383
f 277/398/392 279/394/388 527/399/393
f 527/399/393 280/400/394 277/398/392
f 277/398/392 523/401/395 522/402/396
f 522/402/396 278/395/389 277/398/392
f 281/403/397 536/404/398 535/405/399
f 535/405/399 282/406/400 281/403/397
f 281/403/397 550/407/401 531/408/402
f 531/408/402 280/400/394 281/403/397
f 285/409/403 283/410/404 556/411/405
f 556/411/405 284/412/406 285/409/403
f 285/409/403 578/413/407 286/414/408
f 286/414/408 288/415/409 285/409/403
f 287/416/410 545/417/411 544/418/412
f 544/418/412 288/415/409 287/416/410
f 287/416/410 542/419/413 551/420/414
f 551/420/414 282/406/400 287/416/410
f 290/421/415 289/422/416 302/423/417
f 302/423/417 291/424/418 290/421/415
f 290/421/415 563/425/419 292/426/420
f 292/426/420 284/412/406 290/421/415
f 1015/427/421 293/428/422 296/429/423
f 296/429/423 309/430/424 294/431/425
f 294/431/425 590/432/426 296/429/423
f 296/429/423 1017/433/427 1015/427/421
f 297/363/357 298/434/428 299/435/429
f 298/434/428 300/436/430 299/435/429
f 299/435/429 259/361/355 258/360/354
f 299/435/429 261/437/431 297/363/357
f 304/438/432 302/423/417 301/439/433
f 302/423/417 569/440/434 301/439/433
f 301/439/433 303/441/435 304/438/432
f 298/434/428 304/438/432 305/442/436
f 304/438/432 306/443/437 305/442/436
f 305/442/436 473/444/438 298/434/428
f 294/431/425 316/445/439 307/446/440
f 307/446/440 314/248/242 176/255/249
f 176/255/249 594/447/441 307/446/440
f 307/446/440 295/448/442 294/431/425
f 308/449/443 1033/450/444 326/451/445
f 308/449/443 587/452/446 310/453/447
f 310/453/447 293/428/422 308/449/443
f 308/449/443 1038/454/448 1037/455/449
f 310/453/447 311/456/450 315/457/451
f 315/457/451 312/458/452 313/243/237
f 313/243/237 316/445/439 315/457/451
f 315/457/451 309/430/424 310/453/447
f 320/459/453 318/460/135 18/461/30
f 18/461/30 319/462/454 320/459/453
f 319/462/454 179/265/259 320/459/453
f 320/459/453 264/373/367 317/463/455
f 331/464/456 23/465/34 321/466/457
f 23/465/34 323/467/458 321/466/457
f 323/467/458 183/269/263 321/466/457
f 183/269/263 331/464/456 321/466/457
f 1054/468/459 157/469/226 325/470/460
f 325/470/460 161/471/228 584/472/461
f 584/472/461 326/451/445 325/470/460
f 325/470/460 1033/450/444 1054/468/459
f 329/473/462 327/474/29 328/475/24
f 328/475/24 591/476/463 329/473/462
f 591/476/463 175/259/253 329/473/462
f 329/473/462 330/266/260 319/462/454
f 341/477/464 9/478/18 333/479/465
f 333/479/465 322/480/35 331/464/456
f 333/479/465 324/268/262 332/253/247
f 332/253/247 341/477/464 333/479/465
f 581/481/466 13/482/20 337/483/467
f 337/483/467 336/484/2 348/485/468
f 337/483/467 170/237/231 338/251/245
f 338/251/245 581/481/466 337/483/467
f 351/486/469 2/487/4 340/488/470
f 340/488/470 10/489/19 341/477/464
f 340/488/470 334/252/246 165/241/235
f 165/241/235 351/486/469 340/488/470
f 348/485/468 3/490/7 343/491/471
f 343/491/471 344/492/37 345/493/472
f 343/491/471 346/271/265 347/238/232
f 347/238/232 348/485/468 343/491/471
f 357/494/473 350/495/38 349/496/474
f 349/496/474 339/497/5 351/486/469
f 349/496/474 342/240/234 352/275/269
f 352/275/269 357/494/473 349/496/474
f 345/493/472 24/498/41 353/499/475
f 353/499/475 359/500/43 358/501/476
f 353/499/475 192/277/271 189/272/266
f 189/272/266 345/493/472 353/499/475
f 368/502/477 355/503/44 356/504/478
f 356/504/478 26/505/39 357/494/473
f 356/504/478 190/274/268 195/281/275
f 195/281/275 368/502/477 356/504/478
f 358/501/476 28/506/47 364/507/479
f 28/506/47 361/508/480 364/507/479
f 361/508/480 363/278/272 364/507/479
f 363/278/272 358/501/476 364/507/479
f 365/509/481 34/510/55 367/511/50
f 367/511/50 368/502/477 365/509/481
f 368/502/477 200/286/280 365/509/481
f 365/509/481 369/293/287 366/512/482
f 370/513/483 360/514/484 31/515/48
f 31/515/48 378/516/485 370/513/483
f 378/516/485 196/282/276 370/513/483
f 370/513/483 362/517/486 361/508/480
f 382/518/487 372/519/56 371/520/488
f 372/519/56 366/512/482 371/520/488
f 366/512/482 373/292/286 371/520/488
f 373/292/286 382/518/487 371/520/488
f 376/521/489 374/522/52 375/523/53
f 375/523/53 387/524/490 376/521/489
f 387/524/490 202/287/281 376/521/489
f 376/521/489 198/284/278 378/516/485
f 379/525/491 380/526/61 383/527/492
f 383/527/492 381/528/57 382/518/487
f 383/527/492 210/291/285 209/298/292
f 209/298/292 379/525/491 383/527/492
f 387/524/490 37/529/64 385/530/493
f 385/530/493 393/531/66 384/532/494
f 385/530/493 386/300/294 207/295/289
f 207/295/289 387/524/490 385/530/493
f 398/533/495 43/534/67 389/535/496
f 389/535/496 390/536/62 379/525/491
f 389/535/496 208/297/291 391/304/298
f 391/304/298 398/533/495 389/535/496
f 384/532/494 41/537/70 395/538/497
f 395/538/497 394/539/72 402/540/498
f 395/538/497 215/306/300 212/301/295
f 212/301/295 384/532/494 395/538/497
f 399/541/499 45/542/73 397/543/500
f 397/543/500 388/544/68 398/533/495
f 397/543/500 392/303/297 218/310/304
f 218/310/304 399/541/499 397/543/500
f 402/540/498 47/545/76 400/546/501
f 47/545/76 401/547/502 400/546/501
f 401/547/502 216/307/301 400/546/501
f 216/307/301 402/540/498 400/546/501
f 407/548/503 403/549/78 404/550/504
f 404/550/504 396/551/505 399/541/499
f 404/550/504 222/552/506 405/315/309
f 405/315/309 407/548/503 404/550/504
f 401/547/502 408/553/81 409/554/507
f 409/554/507 53/555/83 415/556/508
f 409/554/507 225/317/311 410/312/306
f 410/312/306 401/547/502 409/554/507
f 412/557/509 413/558/84 411/559/510
f 411/559/510 55/560/79 407/548/503
f 411/559/510 406/314/308 414/321/315
f 414/321/315 412/557/509 411/559/510
f 415/556/508 52/561/87 416/562/511
f 416/562/511 57/563/89 417/564/512
f 416/562/511 227/323/317 226/318/312
f 226/318/312 415/556/508 416/562/511
f 420/565/513 418/566/96 419/567/90
f 419/567/90 412/557/509 420/565/513
f 412/557/509 231/327/321 420/565/513
f 420/565/513 230/333/327 427/568/514
f 417/564/512 61/569/93 423/570/515
f 423/570/515 63/571/92 430/572/516
f 423/570/515 421/325/319 422/324/318
f 422/324/318 417/564/512 423/570/515
f 426/573/517 65/574/102 425/575/97
f 425/575/97 427/568/514 426/573/517
f 427/568/514 236/332/326 426/573/517
f 426/573/517 434/339/333 424/576/518
f 429/577/519 63/571/92 62/578/94
f 62/578/94 428/579/520 429/577/519
f 428/579/520 233/328/322 429/577/519
f 429/577/519 421/325/319 430/572/516
f 433/580/521 431/581/522 432/582/103
f 432/582/103 424/576/518 433/580/521
f 424/576/518 435/338/332 433/580/521
f 433/580/521 239/583/523 436/584/524
f 438/585/525 66/586/99 437/587/100
f 437/587/100 448/588/526 438/585/525
f 448/588/526 439/334/328 438/585/525
f 438/585/525 440/330/324 428/579/520
f 446/589/527 442/590/109 443/591/528
f 443/591/528 75/592/115 444/593/529
f 443/591/528 445/349/343 244/345/339
f 244/345/339 446/589/527 443/591/528
f 448/588/526 450/594/116 447/595/530
f 447/595/530 71/596/107 451/597/531
f 447/595/530 452/341/335 245/348/342
f 245/348/342 448/588/526 447/595/530
f 444/593/529 74/598/114 453/599/532
f 453/599/532 431/581/522 436/584/524
f 453/599/532 239/583/523 248/350/344
f 248/350/344 444/593/529 453/599/532
f 451/597/531 70/600/112 454/601/533
f 454/601/533 78/602/118 459/603/534
f 454/601/533 455/352/346 241/342/336
f 241/342/336 451/597/531 454/601/533
f 464/604/535 456/605/119 457/606/536
f 457/606/536 441/607/110 446/589/527
f 457/606/536 255/344/338 458/356/350
f 458/356/350 464/604/535 457/606/536
f 459/603/534 460/608/122 461/609/537
f 461/609/537 81/610/124 470/611/538
f 461/609/537 251/358/352 250/353/347
f 250/353/347 459/603/534 461/609/537
f 465/612/539 84/613/126 463/614/125
f 465/612/539 80/615/120 464/604/535
f 465/612/539 253/355/349 466/362/356
f 465/612/539 259/361/355 462/616/540
f 470/611/538 467/617/128 469/618/541
f 469/618/541 87/619/209 468/620/542
f 469/618/541 261/437/431 257/359/353
f 257/359/353 470/611/538 469/618/541
f 472/621/543 151/622/216 471/623/210
f 471/623/210 462/616/540 472/621/543
f 462/616/540 300/436/430 472/621/543
f 472/621/543 473/444/438 572/624/544
f 468/620/542 86/625/129 476/626/545
f 476/626/545 474/627/193 560/628/546
f 560/628/546 475/364/358 476/626/545
f 475/364/358 468/620/542 476/626/545
f 477/629/547 485/630/141 92/631/136
f 92/631/136 317/463/455 477/629/547
f 317/463/455 478/372/366 477/629/547
f 477/629/547 479/379/373 486/632/548
f 481/633/549 480/634/32 95/635/133
f 95/635/133 490/636/550 481/633/549
f 490/636/550 482/368/362 481/633/549
f 481/633/549 184/263/257 323/467/458
f 487/637/551 496/638/147 484/639/142
f 484/639/142 486/632/548 487/637/551
f 486/632/548 488/378/372 487/637/551
f 487/637/551 489/385/379 483/640/552
f 493/641/553 491/642/138 492/643/139
f 492/643/139 504/644/554 493/641/553
f 504/644/554 265/374/368 493/641/553
f 493/641/553 494/370/364 490/636/550
f 497/645/555 104/646/153 495/647/148
f 495/647/148 483/640/552 497/645/555
f 483/640/552 271/384/378 497/645/555
f 497/645/555 498/391/385 499/648/556
f 502/649/557 98/650/144 101/651/145
f 101/651/145 500/652/558 502/649/557
f 500/652/558 503/380/374 502/649/557
f 502/649/557 268/376/370 504/644/554
f 506/653/559 505/654/159 105/655/154
f 105/655/154 499/648/556 506/653/559
f 499/648/556 507/390/384 506/653/559
f 506/653/559 276/397/391 508/656/560
f 509/657/561 102/658/150 106/659/151
f 106/659/151 516/660/562 509/657/561
f 516/660/562 511/386/380 509/657/561
f 509/657/561 501/382/376 500/652/558
f 512/661/563 520/662/564 111/663/160
f 111/663/160 508/656/560 512/661/563
f 508/656/560 275/396/390 512/661/563
f 512/661/563 521/664/565 513/665/566
f 514/666/567 108/667/156 107/668/157
f 107/668/157 528/669/568 514/666/567
f 528/669/568 515/392/386 514/666/567
f 514/666/567 510/388/382 516/660/562
f 524/670/569 519/671/164 517/672/570
f 517/672/570 520/662/564 513/665/566
f 517/672/570 521/664/565 522/402/396
f 522/402/396 524/670/569 517/672/570
f 528/669/568 526/673/167 525/674/571
f 525/674/571 532/675/169 537/676/572
f 525/674/571 536/404/398 527/399/393
f 527/399/393 528/669/568 525/674/571
f 548/677/573 529/678/170 530/679/574
f 530/679/574 518/680/165 524/670/569
f 530/679/574 523/401/395 531/408/402
f 531/408/402 548/677/573 530/679/574
f 537/676/572 115/681/173 533/682/575
f 533/682/575 122/683/182 534/684/576
f 533/682/575 545/417/411 535/405/399
f 535/405/399 537/676/572 533/682/575
f 577/685/577 539/686/177 540/687/578
f 540/687/578 546/688/184 541/689/579
f 540/687/578 542/419/413 286/414/408
f 286/414/408 577/685/577 540/687/578
f 534/684/576 121/690/185 543/691/580
f 543/691/580 553/692/175 552/693/581
f 543/691/580 283/410/404 544/418/412
f 544/418/412 534/684/576 543/691/580
f 541/689/579 124/694/183 549/695/582
f 549/695/582 547/696/171 548/677/573
f 549/695/582 550/407/401 551/420/414
f 551/420/414 541/689/579 549/695/582
f 552/693/581 119/697/180 554/698/583
f 119/697/180 570/699/584 554/698/583
f 570/699/584 556/411/405 554/698/583
f 556/411/405 552/693/581 554/698/583
f 560/628/546 146/700/206 558/701/585
f 558/701/585 145/702/205 557/703/586
f 557/703/586 559/704/587 558/701/585
f 559/704/587 560/628/546 558/701/585
f 557/703/586 561/705/204 564/706/588
f 564/706/588 144/707/189 562/708/589
f 564/706/588 563/425/419 565/709/590
f 564/706/588 566/710/591 557/703/586
f 568/711/592 555/712/187 567/713/214
f 567/713/214 574/714/593 568/711/592
f 574/714/593 569/440/434 568/711/592
f 568/711/592 289/422/416 570/699/584
f 573/715/594 153/716/213 571/717/217
f 571/717/217 572/624/544 573/715/594
f 572/624/544 306/443/437 573/715/594
f 573/715/594 303/441/435 574/714/593
f 562/708/589 576/718/188 575/719/595
f 575/719/595 538/720/178 577/685/577
f 575/719/595 578/413/407 292/426/420
f 292/426/420 562/708/589 575/719/595
f 583/721/596 580/722/14 582/723/597
f 582/723/597 335/724/16 581/481/466
f 582/723/597 182/250/244 168/244/238
f 582/723/597 312/458/452 583/721/596
f 584/472/461 585/725/229 586/726/598
f 586/726/598 579/727/9 583/721/596
f 583/721/596 311/456/450 586/726/598
f 586/726/598 587/452/446 584/472/461
f 589/728/599 139/729/220 588/730/200
f 588/730/200 1323/731/600 589/728/599
f 589/728/599 1017/433/427 590/432/426
f 590/432/426 593/732/601 589/728/599
f 592/733/602 15/734/23 156/735/221
f 156/735/221 593/732/601 592/733/602
f 592/733/602 295/448/442 594/447/441
f 594/447/441 591/476/463 592/733/602
f 599/736/603 563/737/604 596/738/605
f 596/738/605 597/739/606 599/736/603
f 599/736/603 598/740/607 723/741/608
f 723/741/608 565/742/609 599/736/603
f 600/743/610 719/744/611 716/745/612
f 716/745/612 601/746/613 600/743/610
f 600/743/610 602/747/614 656/748/615
f 656/748/615 720/749/616 600/743/610
f 603/750/617 604/751/618 605/752/619
f 605/752/619 689/753/620 606/754/621
f 606/754/621 725/755/622 605/752/619
f 605/752/619 610/756/623 603/750/617
f 642/757/624 609/758/625 608/759/625
f 608/759/625 690/760/626 603/750/617
f 603/750/617 611/761/627 608/759/625
f 608/759/625 728/762/628 642/757/624
f 612/763/629 698/764/630 614/765/631
f 614/765/631 641/766/632 612/763/629
f 612/763/629 615/767/633 616/768/634
f 616/768/634 613/769/635 612/763/629
f 621/770/636 693/771/637 619/772/638
f 619/772/638 613/769/635 621/770/636
f 621/770/636 617/773/639 620/774/640
f 620/774/640 618/775/641 621/770/636
f 623/776/642 724/777/643 622/778/625
f 622/778/625 598/740/607 624/779/644
f 624/779/644 625/780/625 622/778/625
f 622/778/625 651/781/645 623/776/642
f 626/782/625 651/781/645 625/780/625
f 625/780/625 627/783/646 626/782/625
f 626/782/625 636/784/647 628/785/625
f 628/785/625 652/786/648 626/782/625
f 629/787/649 598/740/607 597/739/606
f 597/739/606 630/788/650 629/787/649
f 629/787/649 631/789/651 632/790/652
f 632/790/652 624/779/644 629/787/649
f 634/791/653 633/792/654 632/790/652
f 632/790/652 709/793/655 634/791/653
f 634/791/653 671/794/656 635/795/657
f 635/795/657 627/783/646 634/791/653
f 638/796/658 637/797/659 639/798/660
f 639/798/660 640/799/661 638/796/658
f 638/796/658 653/800/662 661/801/663
f 661/801/663 641/766/632 638/796/658
f 646/802/664 728/762/628 643/803/665
f 643/803/665 644/804/666 646/802/664
f 646/802/664 645/805/667 647/806/668
f 647/806/668 642/757/624 646/802/664
f 649/807/669 648/808/670 650/809/671
f 649/807/669 658/810/672 657/811/673
f 649/807/669 651/812/645 652/813/648
f 652/813/648 640/799/661 649/807/669
f 654/814/674 655/815/675 656/748/615
f 656/748/615 623/816/642 654/814/674
f 654/814/674 651/812/645 657/811/673
f 657/811/673 659/817/676 654/814/674
f 660/818/625 653/800/662 628/785/625
f 628/785/625 670/819/677 660/818/625
f 660/818/625 674/820/678 662/821/625
f 662/821/625 661/801/663 660/818/625
f 663/822/625 615/767/633 662/821/625
f 662/821/625 677/823/679 663/822/625
f 663/822/625 664/824/680 665/825/625
f 665/825/625 616/768/634 663/822/625
f 666/826/625 617/773/639 665/825/625
f 665/825/625 683/827/681 666/826/625
f 666/826/625 685/828/682 667/829/625
f 667/829/625 620/774/640 666/826/625
f 706/830/683 667/829/625 668/831/625
f 668/831/625 685/828/682 684/832/684
f 684/832/684 609/758/625 668/831/625
f 668/831/625 707/833/685 706/830/683
f 669/834/686 636/784/647 635/795/657
f 635/795/657 672/835/687 669/834/686
f 669/834/686 700/836/688 675/837/689
f 675/837/689 670/819/677 669/834/686
f 673/838/690 674/820/678 675/837/689
f 675/837/689 676/839/691 673/838/690
f 673/838/690 680/840/692 679/841/693
f 679/841/693 677/823/679 673/838/690
f 678/842/694 664/824/680 679/841/693
f 679/841/693 681/843/695 678/842/694
f 678/842/694 686/844/696 682/845/697
f 682/845/697 683/827/681 678/842/694
f 684/832/684 682/845/697 687/846/698
f 687/846/698 686/844/696 688/847/699
f 688/847/699 604/751/618 687/846/698
f 687/846/698 690/760/626 684/832/684
f 691/831/700 686/828/696 692/829/700
f 692/829/700 694/830/701 691/831/700
f 691/831/700 645/833/667 695/758/700
f 695/758/700 688/832/699 691/831/700
f 681/827/695 697/825/700 696/826/700
f 696/826/700 698/773/630 619/774/638
f 619/774/638 692/829/700 696/826/700
f 696/826/700 686/828/696 681/827/695
f 676/823/691 701/821/700 699/822/700
f 699/822/700 637/767/659 614/768/631
f 614/768/631 697/825/700 699/822/700
f 699/822/700 680/824/692 676/823/691
f 672/819/687 703/848/700 702/818/700
f 702/818/700 648/808/670 639/801/660
f 639/801/660 701/821/700 702/818/700
f 702/818/700 700/820/688 672/819/687
f 618/775/641 706/830/683 704/849/702
f 704/849/702 707/833/685 647/806/668
f 647/806/668 694/850/701 704/849/702
f 704/849/702 693/771/637 618/775/641
f 709/851/655 710/852/700 708/853/700
f 708/853/700 658/810/672 650/809/671
f 650/809/671 703/848/700 708/853/700
f 708/853/700 671/854/656 709/851/655
f 711/855/700 712/856/703 721/857/704
f 721/857/704 659/817/676 711/855/700
f 711/855/700 658/810/672 710/852/700
f 710/852/700 630/858/650 711/855/700
f 713/759/700 689/760/620 695/758/700
f 695/758/700 644/757/666 713/759/700
f 713/759/700 714/762/705 726/761/706
f 726/761/706 606/750/621 713/759/700
f 717/859/707 566/859/708 559/859/709
f 559/859/709 716/859/710 717/859/707
f 717/859/707 719/859/711 291/859/712
f 291/859/712 565/859/713 717/859/707
f 718/860/714 712/856/703 596/861/605
f 596/861/605 291/862/715 718/860/714
f 718/860/714 719/744/611 720/749/616
f 720/749/616 721/857/704 718/860/714
f 559/863/716 723/741/608 722/864/717
f 722/864/717 598/740/607 724/777/643
f 724/777/643 601/865/613 722/864/717
f 722/864/717 715/866/718 559/863/716
f 727/867/719 610/868/623 725/869/622
f 725/869/622 726/870/706 727/867/719
f 727/867/719 714/871/705 643/872/665
f 643/872/665 611/873/627 727/867/719
f 729/1/720 1062/2/721 1072/7/722
f 1067/4/723 740/3/724 729/1/720
f 729/1/720 732/5/725 1067/4/723
f 1072/7/722 731/6/726 729/1/720
f 733/8/727 1318/9/728 1314/14/729
f 733/8/727 741/11/730 891/10/731
f 734/13/732 736/12/733 733/8/727
f 1314/14/729 734/13/732 733/8/727
f 737/15/734 1313/16/735 738/20/736
f 739/18/737 753/17/738 737/15/734
f 737/15/734 730/19/739 739/18/737
f 738/20/736 740/3/724 737/15/734
f 742/21/740 736/12/733 743/22/741
f 743/22/741 882/23/742 742/21/740
f 744/25/743 1057/24/744 743/22/741
f 743/22/741 735/26/26 744/25/743
f 744/25/743 752/27/745 745/28/746
f 745/28/746 746/29/747 744/25/743
f 747/31/748 749/30/749 745/28/746
f 745/28/746 751/32/750 747/31/748
f 734/13/732 753/17/738 750/33/751
f 750/33/751 735/26/26 734/13/732
f 1047/34/752 752/27/745 750/33/751
f 750/33/751 1059/35/753 1047/34/752
f 754/36/754 1071/37/755 1085/41/756
f 755/38/757 731/6/726 754/36/754
f 754/36/754 1090/39/758 755/38/757
f 1085/41/756 758/40/759 754/36/754
f 756/42/760 757/43/761 759/47/762
f 1088/44/763 758/40/759 756/42/760
f 756/42/760 1089/45/764 1088/44/763
f 759/47/762 760/46/765 756/42/760
f 760/46/765 1101/48/766 763/49/767
f 763/49/767 1089/45/764 760/46/765
f 762/51/768 761/50/769 763/49/767
f 763/49/767 764/52/770 762/51/768
f 762/51/768 1113/53/771 765/54/772
f 765/54/772 1094/55/773 762/51/768
f 765/54/772 1107/57/774 1106/56/775
f 765/54/772 767/59/776 766/58/777
f 769/60/778 767/59/776 768/64/779
f 1118/61/780 766/58/777 769/60/778
f 769/60/778 1119/62/781 1118/61/780
f 768/64/779 770/63/782 769/60/778
f 773/65/783 771/66/784 1127/70/785
f 1121/67/786 770/63/782 773/65/783
f 773/65/783 1131/68/787 1121/67/786
f 1127/70/785 772/69/788 773/65/783
f 775/71/789 1136/72/790 1135/76/791
f 774/73/792 772/69/788 775/71/789
f 776/74/793 774/73/792 775/71/789
f 775/71/789 1137/75/794 776/74/793
f 777/77/795 1137/75/794 778/81/796
f 1143/78/797 776/74/793 777/77/795
f 777/77/795 1140/79/798 1143/78/797
f 778/81/796 781/80/799 777/77/795
f 780/82/800 779/83/801 1152/87/802
f 782/84/803 781/80/799 780/82/800
f 780/82/800 785/85/804 782/84/803
f 1152/87/802 784/86/805 780/82/800
f 786/88/806 783/89/807 789/93/808
f 786/88/806 785/85/804 784/86/805
f 787/91/809 788/90/810 786/88/806
f 786/88/806 1161/92/811 787/91/809
f 787/91/809 1174/94/812 790/95/813
f 790/95/813 1168/96/814 787/91/809
f 791/98/815 1169/97/816 790/95/813
f 790/95/813 1181/99/817 791/98/815
f 791/98/815 794/100/818 792/101/819
f 792/101/819 1166/102/820 791/98/815
f 799/104/821 793/103/822 792/101/819
f 792/101/819 1188/105/823 799/104/821
f 795/106/824 796/107/825 797/112/826
f 1185/109/827 802/108/828 795/106/824
f 795/106/824 805/110/829 1185/109/827
f 797/112/826 803/111/830 795/106/824
f 800/113/831 1188/105/823 1190/116/832
f 798/114/833 799/104/821 800/113/831
f 800/113/831 801/115/834 798/114/833
f 1190/116/832 802/108/828 800/113/831
f 806/117/835 804/118/836 1204/122/837
f 1199/119/838 803/111/830 806/117/835
f 806/117/835 809/120/839 1199/119/838
f 1204/122/837 807/121/840 806/117/835
f 812/123/841 1216/124/842 808/128/843
f 1210/125/844 807/121/840 812/123/841
f 812/123/841 811/126/845 1210/125/844
f 808/128/843 810/127/846 812/123/841
f 813/130/847 1223/129/848 817/131/849
f 817/131/849 816/132/26 813/130/847
f 1223/129/848 815/133/850 817/131/849
f 747/31/748 1229/134/851 819/135/852
f 819/135/852 748/136/853 747/31/748
f 820/138/854 1225/137/855 819/135/852
f 819/135/852 1238/139/856 820/138/854
f 820/138/854 1240/140/857 821/141/858
f 821/141/858 1237/142/859 820/138/854
f 822/144/860 1235/143/861 821/141/858
f 821/141/858 823/145/862 822/144/860
f 822/144/860 1249/146/863 824/147/864
f 824/147/864 1244/148/865 822/144/860
f 826/150/866 825/149/867 824/147/864
f 824/147/864 1248/151/868 826/150/866
f 826/150/866 829/152/869 827/153/870
f 827/153/870 1252/154/871 826/150/866
f 828/156/872 1253/155/873 827/153/870
f 827/153/870 1261/157/874 828/156/872
f 828/156/872 1260/158/875 831/159/876
f 831/159/876 1257/160/877 828/156/872
f 834/162/878 830/161/879 831/159/876
f 831/159/876 832/163/880 834/162/878
f 836/164/881 832/163/880 837/168/882
f 833/165/883 834/162/878 836/164/881
f 836/164/881 840/166/884 833/165/883
f 837/168/882 835/167/885 836/164/881
f 838/169/886 1271/170/887 1277/174/888
f 839/171/889 835/167/885 838/169/886
f 838/169/886 841/172/890 839/171/889
f 1277/174/888 845/173/891 838/169/886
f 842/175/892 1296/176/893 844/181/894
f 1281/178/895 843/177/896 842/175/892
f 842/175/892 848/179/897 1281/178/895
f 844/181/894 849/180/898 842/175/892
f 847/182/899 846/183/900 1286/186/901
f 1291/184/902 845/173/891 847/182/899
f 847/182/899 1282/185/903 1291/184/902
f 1286/186/901 843/177/896 847/182/899
f 851/187/904 875/188/905 852/192/906
f 850/189/907 849/180/898 851/187/904
f 851/187/904 865/190/908 850/189/907
f 852/192/906 866/191/909 851/187/904
f 854/193/910 818/194/911 869/198/912
f 854/193/910 856/196/26 857/195/913
f 869/198/912 855/197/26 854/193/910
f 815/133/850 857/195/913 858/199/26
f 858/199/26 816/132/26 815/133/850
f 858/199/26 856/196/26 859/200/26
f 862/202/197 883/201/914 863/203/915
f 863/203/915 861/204/199 862/202/197
f 864/206/916 1324/205/917 863/203/915
f 863/203/915 887/207/918 864/206/916
f 868/208/919 853/209/26 869/198/912
f 867/210/920 866/191/909 868/208/919
f 868/208/919 1303/211/921 867/210/920
f 869/198/912 1301/212/922 868/208/919
f 813/130/847 878/213/923 870/214/924
f 870/214/924 814/215/925 813/130/847
f 870/214/924 811/126/845 810/127/846
f 878/213/923 872/216/926 870/214/924
f 874/217/927 853/209/26 852/192/906
f 873/218/928 855/197/26 874/217/927
f 874/217/927 880/219/929 873/218/928
f 852/192/906 876/220/930 874/217/927
f 879/221/931 856/196/26 873/218/928
f 878/213/923 859/200/26 879/221/931
f 879/221/931 871/222/932 878/213/923
f 873/218/928 877/223/933 879/221/931
f 864/206/916 890/224/934 881/225/935
f 881/225/935 1322/226/936 864/206/916
f 742/21/740 1328/227/937 881/225/935
f 881/225/935 741/11/730 742/21/740
f 885/228/938 1051/229/223 1050/232/939
f 883/201/914 884/230/224 885/228/938
f 886/231/940 883/201/914 885/228/938
f 1050/232/939 886/231/940 885/228/938
f 889/233/941 1317/234/942 888/235/943
f 889/233/941 887/207/918 886/231/940
f 891/10/731 890/224/934 889/233/941
f 888/235/943 891/10/731 889/233/941
f 893/236/944 1064/237/945 892/242/946
f 894/239/947 1074/238/948 893/236/944
f 893/236/944 1078/240/949 894/239/947
f 892/242/946 1070/241/950 893/236/944
f 1316/244/951 1040/243/952 896/245/953
f 909/246/954 1316/244/951 896/245/953
f 897/247/955 909/246/954 896/245/953
f 896/245/953 1031/248/956 897/247/955
f 898/249/957 908/250/958 907/254/959
f 892/242/946 899/251/960 898/249/957
f 898/249/957 900/252/961 892/242/946
f 907/254/959 901/253/962 898/249/957
f 897/247/955 1030/255/963 902/256/964
f 902/256/964 895/257/965 897/247/955
f 1058/259/966 903/258/967 902/256/964
f 902/256/964 1332/260/968 1058/259/966
f 910/261/969 903/258/967 904/262/970
f 904/262/970 1233/263/971 910/261/969
f 906/265/972 905/264/973 904/262/970
f 904/262/970 1045/266/974 906/265/972
f 907/254/959 909/246/954 911/267/975
f 911/267/975 1049/268/976 907/254/959
f 910/261/969 1048/269/977 911/267/975
f 911/267/975 895/257/965 910/261/969
f 913/270/978 1075/271/979 894/239/947
f 917/273/980 912/272/981 913/270/978
f 913/270/978 1080/274/982 917/273/980
f 894/239/947 1081/275/983 913/270/978
f 914/276/984 1086/277/985 917/273/980
f 918/279/986 915/278/987 914/276/984
f 914/276/984 1095/280/988 918/279/986
f 917/273/980 916/281/989 914/276/984
f 1105/282/990 918/279/986 920/283/991
f 920/283/991 1102/284/992 1105/282/990
f 1098/286/993 919/285/994 920/283/991
f 920/283/991 1095/280/988 1098/286/993
f 1114/287/995 919/285/994 921/288/996
f 921/288/996 1115/289/997 1114/287/995
f 921/288/996 928/291/998 922/290/999
f 921/288/996 1097/293/1000 1111/292/1001
f 923/294/1002 1115/289/997 922/290/999
f 930/296/1003 925/295/1004 923/294/1002
f 923/294/1002 927/297/1005 930/296/1003
f 922/290/999 926/298/1006 923/294/1002
f 929/299/1007 924/300/1008 930/296/1003
f 931/302/1009 1129/301/1010 929/299/1007
f 929/299/1007 935/303/1011 931/302/1009
f 930/296/1003 1125/304/1012 929/299/1007
f 932/305/1013 1139/306/1014 931/302/1009
f 932/305/1013 933/308/1015 934/307/1016
f 1132/310/1017 939/309/1018 932/305/1013
f 931/302/1009 1132/310/1017 932/305/1013
f 936/311/1019 933/308/1015 939/309/1018
f 937/313/1020 1147/312/1021 936/311/1019
f 936/311/1019 1150/314/1022 937/313/1020
f 939/309/1018 938/315/1023 936/311/1019
f 941/316/1024 1156/317/1025 937/313/1020
f 942/319/1026 1153/318/1027 941/316/1024
f 941/316/1024 1158/320/1028 942/319/1026
f 937/313/1020 1149/321/1029 941/316/1024
f 943/322/1030 1154/323/1031 942/319/1026
f 943/322/1030 1175/325/1032 1165/324/1033
f 1160/327/1034 946/326/1035 943/322/1030
f 943/322/1030 1158/320/1028 1160/327/1034
f 945/328/1036 946/326/1035 944/329/1037
f 944/329/1037 1184/330/1038 945/328/1036
f 947/332/1039 948/331/1040 944/329/1037
f 944/329/1037 1170/333/1041 947/332/1039
f 949/334/1042 948/331/1040 950/335/1043
f 950/335/1043 957/336/1044 949/334/1042
f 1177/338/1045 951/337/1046 950/335/1043
f 950/335/1043 1178/339/1047 1177/338/1045
f 954/340/1048 1191/341/1049 955/346/1050
f 964/343/1051 952/342/1052 954/340/1048
f 954/340/1048 1187/344/1053 964/343/1051
f 955/346/1050 953/345/1054 954/340/1048
f 956/347/1055 957/336/1044 951/337/1046
f 955/346/1050 958/348/1056 956/347/1055
f 956/347/1055 1196/349/1057 955/346/1050
f 951/337/1046 959/350/1058 956/347/1055
f 962/351/1059 960/352/1060 964/343/1051
f 961/354/1061 1209/353/1062 962/351/1059
f 962/351/1059 1203/355/1063 961/354/1061
f 964/343/1051 963/356/1064 962/351/1059
f 965/357/1065 1206/358/1066 961/354/1061
f 966/360/1067 1217/359/1068 965/357/1065
f 965/357/1065 1213/361/1069 966/360/1067
f 961/354/1061 1214/362/1070 965/357/1065
f 969/364/1071 970/363/1072 968/365/1073
f 1338/366/1074 969/364/1071 968/365/1073
f 968/365/1073 1339/367/1075 1338/366/1074
f 1232/368/1076 905/264/973 973/369/1077
f 973/369/1077 974/370/1078 1232/368/1076
f 1228/372/1079 972/371/1080 973/369/1077
f 973/369/1077 1226/373/1081 1228/372/1079
f 975/374/1082 972/371/1080 976/375/1083
f 976/375/1083 982/376/1084 975/374/1082
f 980/378/1085 978/377/1086 976/375/1083
f 976/375/1083 979/379/1087 980/378/1085
f 981/380/1088 978/377/1086 984/381/1089
f 984/381/1089 983/382/1090 981/380/1088
f 985/384/1091 987/383/1092 984/381/1089
f 984/381/1089 977/385/1093 985/384/1091
f 989/386/1094 987/383/1092 988/387/1095
f 988/387/1095 1264/388/1096 989/386/1094
f 990/390/1097 991/389/1098 988/387/1095
f 988/387/1095 986/391/1099 990/390/1097
f 1265/392/1100 991/389/1098 992/393/1101
f 992/393/1101 993/394/1102 1265/392/1100
f 994/396/1103 996/395/1104 992/393/1101
f 992/393/1101 997/397/1105 994/396/1103
f 998/398/1106 993/394/1102 996/395/1104
f 1000/400/1107 999/399/1108 998/398/1106
f 998/398/1106 1269/401/1109 1000/400/1107
f 996/395/1104 1270/402/1110 998/398/1106
f 1003/403/1111 1273/404/1112 1000/400/1107
f 1002/406/1113 1001/405/1114 1003/403/1111
f 1003/403/1111 1276/407/1115 1002/406/1113
f 1000/400/1107 1275/408/1116 1003/403/1111
f 1006/409/1117 1008/410/1118 1004/415/1119
f 1011/412/1120 1005/411/1121 1006/409/1117
f 1006/409/1117 1007/413/1122 1011/412/1120
f 1004/415/1119 1285/414/1123 1006/409/1117
f 1010/416/1124 1280/417/1125 1002/406/1113
f 1004/415/1119 1288/418/1126 1010/416/1124
f 1010/416/1124 1009/419/1127 1004/415/1119
f 1002/406/1113 1295/420/1128 1010/416/1124
f 1013/421/1129 1298/422/1130 1011/412/1120
f 1012/424/1131 1021/423/1132 1013/421/1129
f 1013/421/1129 1335/425/1133 1012/424/1131
f 1011/412/1120 1014/426/1134 1013/421/1129
f 1035/428/1135 1015/427/421 1016/429/1136
f 1016/429/1136 1028/430/1137 1035/428/1135
f 1018/432/1138 1032/431/1139 1016/429/1136
f 1016/429/1136 1017/433/427 1018/432/1138
f 1027/434/1140 970/363/1072 1020/435/1141
f 1019/436/1142 1027/434/1140 1020/435/1141
f 1020/435/1141 1213/361/1069 1019/436/1142
f 1020/435/1141 967/437/1143 966/360/1067
f 1021/423/1132 1026/438/1144 1022/439/1145
f 1023/440/1146 1021/423/1132 1022/439/1145
f 1022/439/1145 1025/441/1147 1023/440/1146
f 1026/438/1144 1027/434/1140 1024/442/1148
f 1309/443/1149 1026/438/1144 1024/442/1148
f 1024/442/1148 1221/444/1150 1309/443/1149
f 1043/445/1151 1032/431/1139 1029/446/1152
f 1029/446/1152 1031/248/956 1043/445/1151
f 1329/447/1153 1030/255/963 1029/446/1152
f 1029/446/1152 1330/448/1154 1329/447/1153
f 1036/449/1155 1033/450/444 1037/455/449
f 1036/449/1155 1321/452/1156 1034/451/1157
f 1035/428/1135 1042/453/1158 1036/449/1155
f 1036/449/1155 1038/454/448 1035/428/1135
f 1039/456/1159 1042/453/1158 1041/457/1160
f 1041/457/1160 1319/458/1161 1039/456/1159
f 1043/445/1151 1040/243/952 1041/457/1160
f 1041/457/1160 1028/430/1137 1043/445/1151
f 1044/459/1162 748/460/853 1227/463/1163
f 1055/462/1164 749/461/749 1044/459/1162
f 906/265/972 1055/462/1164 1044/459/1162
f 1044/459/1162 1226/373/1081 906/265/972
f 1047/465/752 1060/464/1165 1046/466/1166
f 1230/467/1167 1047/465/752 1046/466/1166
f 1048/269/977 1230/467/1167 1046/466/1166
f 1060/464/1165 1048/269/977 1046/466/1166
f 1050/469/939 1054/468/459 1053/470/1168
f 1053/470/1168 1317/471/942 1050/469/939
f 1034/451/1157 1052/472/1169 1053/470/1168
f 1053/470/1168 1033/450/444 1034/451/1157
f 1056/473/1170 746/474/747 1055/462/1164
f 1331/476/1171 1057/475/744 1056/473/1170
f 1058/259/966 1331/476/1171 1056/473/1170
f 1056/473/1170 1045/266/974 1058/259/966
f 739/478/737 1069/477/1172 1061/479/1173
f 1061/479/1173 1059/480/753 739/478/737
f 1061/479/1173 1049/268/976 1060/464/1165
f 1069/477/1172 901/253/962 1061/479/1173
f 738/482/736 1066/481/1174 1063/483/1175
f 1063/483/1175 1062/484/721 738/482/736
f 1063/483/1175 1064/237/945 1065/485/1176
f 1066/481/1174 899/251/960 1063/483/1175
f 1067/487/723 1079/486/1177 1068/488/1178
f 1068/488/1178 730/489/739 1067/487/723
f 1068/488/1178 900/252/961 1069/477/1172
f 1079/486/1177 1070/241/950 1068/488/1178
f 1072/490/722 1065/485/1176 1073/491/1179
f 1073/491/1179 1071/492/755 1072/490/722
f 1073/491/1179 1075/271/979 1083/493/1180
f 1065/485/1176 1074/238/948 1073/491/1179
f 755/495/757 1076/494/1181 1077/496/1182
f 1077/496/1182 732/497/725 755/495/757
f 1077/496/1182 1078/240/949 1079/486/1177
f 1076/494/1181 1081/275/983 1077/496/1182
f 1085/498/756 1083/493/1180 1082/499/1183
f 1082/499/1183 757/500/761 1085/498/756
f 1082/499/1183 1086/277/985 1084/501/1184
f 1083/493/1180 912/272/981 1082/499/1183
f 1088/503/763 1096/502/1185 1087/504/1186
f 1087/504/1186 1090/505/758 1088/503/763
f 1087/504/1186 1080/274/982 1076/494/1181
f 1096/502/1185 916/281/989 1087/504/1186
f 759/506/762 1084/501/1184 1091/507/1187
f 1092/508/1188 759/506/762 1091/507/1187
f 915/278/987 1092/508/1188 1091/507/1187
f 1084/501/1184 915/278/987 1091/507/1187
f 1093/509/1189 1094/510/773 1109/512/1190
f 1096/502/1185 761/511/769 1093/509/1189
f 1098/286/993 1096/502/1185 1093/509/1189
f 1093/509/1189 1097/293/1000 1098/286/993
f 1100/513/1191 1099/514/1192 1092/508/1188
f 1103/516/1193 1101/515/766 1100/513/1191
f 1105/282/990 1103/516/1193 1100/513/1191
f 1100/513/1191 1104/517/1194 1105/282/990
f 1106/519/775 1110/518/1195 1108/520/1196
f 1109/512/1190 1106/519/775 1108/520/1196
f 1111/292/1001 1109/512/1190 1108/520/1196
f 1110/518/1195 1111/292/1001 1108/520/1196
f 1116/521/1197 764/522/770 1103/516/1193
f 1112/524/1198 1113/523/771 1116/521/1197
f 1114/287/995 1112/524/1198 1116/521/1197
f 1116/521/1197 1102/284/992 1114/287/995
f 1118/526/780 1122/525/1199 1117/527/1200
f 1117/527/1200 1107/528/774 1118/526/780
f 1117/527/1200 928/291/998 1110/518/1195
f 1122/525/1199 926/298/1006 1117/527/1200
f 768/529/779 1112/524/1198 1120/530/1201
f 1120/530/1201 771/531/784 768/529/779
f 1120/530/1201 924/300/1008 1128/532/1202
f 1112/524/1198 925/295/1004 1120/530/1201
f 1121/534/786 1124/533/1203 1123/535/1204
f 1123/535/1204 1119/536/781 1121/534/786
f 1123/535/1204 927/297/1005 1122/525/1199
f 1124/533/1203 1125/304/1012 1123/535/1204
f 1127/537/785 1128/532/1202 1126/538/1205
f 1126/538/1205 1136/539/790 1127/537/785
f 1126/538/1205 1139/306/1014 1138/540/1206
f 1128/532/1202 1129/301/1010 1126/538/1205
f 774/542/792 1130/541/1207 1133/543/1208
f 1133/543/1208 1131/544/787 774/542/792
f 1133/543/1208 935/303/1011 1124/533/1203
f 1130/541/1207 1132/310/1017 1133/543/1208
f 1135/545/791 1138/540/1206 1134/546/1209
f 1146/547/1210 1135/545/791 1134/546/1209
f 934/307/1016 1146/547/1210 1134/546/1209
f 1138/540/1206 934/307/1016 1134/546/1209
f 1143/549/797 1151/548/1211 1141/550/1212
f 1141/550/1212 1142/551/1213 1143/549/797
f 1141/550/1212 940/552/1214 1130/541/1207
f 1151/548/1211 938/315/1023 1141/550/1212
f 778/553/796 1146/547/1210 1144/554/1215
f 1144/554/1215 779/555/801 778/553/796
f 1144/554/1215 1156/317/1025 1145/556/1216
f 1146/547/1210 1147/312/1021 1144/554/1215
f 782/558/803 1159/557/1217 1148/559/1218
f 1148/559/1218 1140/560/798 782/558/803
f 1148/559/1218 1150/314/1022 1151/548/1211
f 1159/557/1217 1149/321/1029 1148/559/1218
f 1152/561/802 1145/556/1216 1155/562/1219
f 1155/562/1219 783/563/807 1152/561/802
f 1155/562/1219 1154/323/1031 1164/564/1220
f 1145/556/1216 1153/318/1027 1155/562/1219
f 1157/565/1221 1168/566/814 1167/568/1222
f 1159/557/1217 788/567/810 1157/565/1221
f 1160/327/1034 1159/557/1217 1157/565/1221
f 1157/565/1221 1170/333/1041 1160/327/1034
f 789/569/808 1164/564/1220 1162/570/1223
f 1162/570/1223 1161/571/811 789/569/808
f 1162/570/1223 1175/325/1032 1163/572/1224
f 1164/564/1220 1165/324/1033 1162/570/1223
f 1171/573/1225 1166/574/820 1179/576/1226
f 1167/568/1222 1169/575/816 1171/573/1225
f 947/332/1039 1167/568/1222 1171/573/1225
f 1171/573/1225 1178/339/1047 947/332/1039
f 1172/577/1227 1161/571/811 1163/572/1224
f 1173/579/1228 1174/578/812 1172/577/1227
f 945/328/1036 1173/579/1228 1172/577/1227
f 1172/577/1227 1175/325/1032 945/328/1036
f 1176/580/1229 1193/581/1230 1180/584/1231
f 1179/576/1226 793/582/822 1176/580/1229
f 1177/338/1045 1179/576/1226 1176/580/1229
f 1176/580/1229 1194/583/1232 1177/338/1045
f 1182/585/1233 1181/586/817 1173/579/1228
f 1183/588/1234 794/587/818 1182/585/1233
f 949/334/1042 1183/588/1234 1182/585/1233
f 1182/585/1233 1184/330/1038 949/334/1042
f 1185/590/827 1200/589/1235 1186/591/1236
f 1186/591/1236 801/592/834 1185/590/827
f 1186/591/1236 1196/349/1057 1192/593/1237
f 1200/589/1235 953/345/1054 1186/591/1236
f 1190/594/832 1183/588/1234 1189/595/1238
f 1189/595/1238 796/596/825 1190/594/832
f 1189/595/1238 1191/341/1049 1198/597/1239
f 1183/588/1234 958/348/1056 1189/595/1238
f 798/598/833 1192/593/1237 1195/599/1240
f 1195/599/1240 1193/581/1230 798/598/833
f 1195/599/1240 1194/583/1232 1180/584/1231
f 1192/593/1237 959/350/1058 1195/599/1240
f 797/600/826 1198/597/1239 1197/601/1241
f 1197/601/1241 804/602/836 797/600/826
f 1197/601/1241 960/352/1060 1208/603/1242
f 1198/597/1239 952/342/1052 1197/601/1241
f 1199/605/838 1202/604/1243 1201/606/1244
f 1201/606/1244 805/607/829 1199/605/838
f 1201/606/1244 1187/344/1053 1200/589/1235
f 1202/604/1243 963/356/1064 1201/606/1244
f 1204/608/837 1208/603/1242 1205/609/1245
f 1205/609/1245 1216/610/842 1204/608/837
f 1205/609/1245 1206/358/1066 1207/611/1246
f 1208/603/1242 1209/353/1062 1205/609/1245
f 1211/612/1247 811/613/845 1212/616/1248
f 1211/612/1247 809/615/839 1210/614/844
f 1211/612/1247 1203/355/1063 1202/604/1243
f 1211/612/1247 1213/361/1069 1214/362/1070
f 808/617/843 1207/611/1246 1215/618/1249
f 1215/618/1249 814/619/925 808/617/843
f 1215/618/1249 967/437/1143 1218/620/1250
f 1207/611/1246 1217/359/1068 1215/618/1249
f 1219/621/1251 871/622/932 1220/624/1252
f 1212/616/1248 872/623/926 1219/621/1251
f 1019/436/1142 1212/616/1248 1219/621/1251
f 1219/621/1251 1221/444/1150 1019/436/1142
f 1223/625/848 1218/620/1250 1222/626/1253
f 1222/626/1253 818/627/911 1223/625/848
f 969/364/1071 1304/628/1254 1222/626/1253
f 1218/620/1250 969/364/1071 1222/626/1253
f 1224/629/1255 1237/630/859 1236/632/1256
f 1227/463/1163 1225/631/855 1224/629/1255
f 1228/372/1079 1227/463/1163 1224/629/1255
f 1224/629/1255 979/379/1087 1228/372/1079
f 1231/633/1257 751/634/750 1230/467/1167
f 1242/636/1258 1229/635/851 1231/633/1257
f 1232/368/1076 1242/636/1258 1231/633/1257
f 1231/633/1257 1233/263/971 1232/368/1076
f 1234/637/1259 1244/638/865 1246/640/1260
f 1236/632/1256 1235/639/861 1234/637/1259
f 980/378/1085 1236/632/1256 1234/637/1259
f 1234/637/1259 977/385/1093 980/378/1085
f 1241/641/1261 1238/642/856 1242/636/1258
f 1239/644/1262 1240/643/857 1241/641/1261
f 975/374/1082 1239/644/1262 1241/641/1261
f 1241/641/1261 974/370/1078 975/374/1082
f 1245/645/1263 1252/646/871 1243/648/1264
f 1246/640/1260 825/647/867 1245/645/1263
f 985/384/1091 1246/640/1260 1245/645/1263
f 1245/645/1263 986/391/1099 985/384/1091
f 1247/649/1265 823/650/862 1239/644/1262
f 1256/652/1266 1249/651/863 1247/649/1265
f 981/380/1088 1256/652/1266 1247/649/1265
f 1247/649/1265 982/376/1084 981/380/1088
f 1251/653/1267 1257/654/877 1250/656/1268
f 1243/648/1264 1253/655/873 1251/653/1267
f 990/390/1097 1243/648/1264 1251/653/1267
f 1251/653/1267 997/397/1105 990/390/1097
f 1254/657/1269 1248/658/868 1256/652/1266
f 1255/660/1270 829/659/869 1254/657/1269
f 989/386/1094 1255/660/1270 1254/657/1269
f 1254/657/1269 983/382/1090 989/386/1094
f 1258/661/1271 1268/662/1272 1259/665/1273
f 1250/656/1268 830/663/879 1258/661/1271
f 994/396/1103 1250/656/1268 1258/661/1271
f 1258/661/1271 995/664/1274 994/396/1103
f 1263/666/1275 1261/667/874 1255/660/1270
f 1262/669/1276 1260/668/875 1263/666/1275
f 1265/392/1100 1262/669/1276 1263/666/1275
f 1263/666/1275 1264/388/1096 1265/392/1100
f 833/671/883 1267/670/1277 1266/672/1278
f 1266/672/1278 1268/662/1272 833/671/883
f 1266/672/1278 995/664/1274 1259/665/1273
f 1267/670/1277 1270/402/1110 1266/672/1278
f 837/673/882 1262/669/1276 1272/674/1279
f 1272/674/1279 1271/675/887 837/673/882
f 1272/674/1279 1273/404/1112 1278/676/1280
f 1262/669/1276 999/399/1108 1272/674/1279
f 839/678/889 1292/677/1281 1274/679/1282
f 1274/679/1282 840/680/884 839/678/889
f 1274/679/1282 1269/401/1109 1267/670/1277
f 1292/677/1281 1275/408/1116 1274/679/1282
f 1277/681/888 1278/676/1280 1279/682/1283
f 1279/682/1283 846/683/900 1277/681/888
f 1279/682/1283 1280/417/1125 1290/684/1284
f 1278/676/1280 1001/405/1114 1279/682/1283
f 1281/686/895 1284/685/1285 1283/687/1286
f 1283/687/1286 1282/688/903 1281/686/895
f 1283/687/1286 1009/419/1127 1294/689/1287
f 1284/685/1285 1285/414/1123 1283/687/1286
f 1286/690/901 1290/684/1284 1287/691/1288
f 1287/691/1288 1296/692/893 1286/690/901
f 1287/691/1288 1008/410/1118 1289/693/1289
f 1290/684/1284 1288/418/1126 1287/691/1288
f 1291/694/902 1294/689/1287 1293/695/1290
f 1293/695/1290 841/696/890 1291/694/902
f 1293/695/1290 1276/407/1115 1292/677/1281
f 1294/689/1287 1295/420/1128 1293/695/1290
f 844/697/894 1289/693/1289 1297/698/1291
f 1299/699/1292 844/697/894 1297/698/1291
f 1005/411/1121 1299/699/1292 1297/698/1291
f 1289/693/1289 1005/411/1121 1297/698/1291
f 1301/700/922 1304/628/1254 1300/701/1293
f 1300/701/1293 1303/702/921 1301/700/922
f 1459/704/1294 1302/703/1295 1300/701/1293
f 1304/628/1254 1459/704/1294 1300/701/1293
f 867/705/920 1302/703/1295 1305/706/1296
f 1305/706/1296 865/707/908 867/705/920
f 1305/706/1296 1335/425/1133 1311/708/1297
f 1305/706/1296 1337/710/1298 1336/709/1299
f 1306/711/1300 875/712/905 1299/699/1292
f 1307/714/1301 876/713/930 1306/711/1300
f 1023/440/1146 1307/714/1301 1306/711/1300
f 1306/711/1300 1298/422/1130 1023/440/1146
f 1308/715/1302 880/716/929 1307/714/1301
f 1220/624/1252 877/717/933 1308/715/1302
f 1309/443/1149 1220/624/1252 1308/715/1302
f 1308/715/1302 1025/441/1147 1309/443/1149
f 850/718/907 1311/708/1297 1310/719/1303
f 1310/719/1303 848/720/897 850/718/907
f 1310/719/1303 1007/413/1122 1284/685/1285
f 1311/708/1297 1014/426/1134 1310/719/1303
f 1314/722/729 1312/721/1304 1315/723/1305
f 1315/723/1305 1313/724/735 1314/722/729
f 1315/723/1305 908/250/958 1066/481/1174
f 1315/723/1305 1319/458/1161 1316/244/951
f 888/725/943 1052/472/1169 1320/726/1306
f 1320/726/1306 1318/727/728 888/725/943
f 1039/456/1159 1312/721/1304 1320/726/1306
f 1320/726/1306 1321/452/1156 1039/456/1159
f 1325/728/1307 1322/729/936 1326/732/1308
f 1323/731/600 1324/730/917 1325/728/1307
f 1325/728/1307 1017/433/427 1323/731/600
f 1326/732/1308 1018/432/1138 1325/728/1307
f 1327/733/1309 882/734/742 1331/476/1171
f 1326/732/1308 1328/735/937 1327/733/1309
f 1327/733/1309 1330/448/1154 1326/732/1308
f 1331/476/1171 1329/447/1153 1327/733/1309
f 1333/736/1310 1335/737/1311 1336/742/1312
f 1364/739/1313 1334/738/1314 1333/736/1310
f 1333/736/1310 1460/740/1315 1364/739/1313
f 1336/742/1312 1461/741/1316 1333/736/1310
f 1342/743/1317 1339/744/1318 1457/749/1319
f 1340/746/1320 1338/745/1321 1342/743/1317
f 1342/743/1317 1388/747/1322 1340/746/1320
f 1457/749/1319 1341/748/1323 1342/743/1317
f 1424/751/1324 1349/750/1325 1343/752/1326
f 1343/752/1326 1429/753/1327 1424/751/1324
f 1464/755/1328 1451/754/1329 1343/752/1326
f 1343/752/1326 1465/756/1330 1464/755/1328
f 1346/758/700 1348/757/1331 1345/759/700
f 1345/759/700 1423/760/1332 1346/758/700
f 1466/761/1333 1349/750/1325 1345/759/700
f 1345/759/700 1350/762/1334 1466/761/1333
f 1353/763/1335 1433/764/1336 1354/769/1337
f 1376/766/1338 1351/765/1339 1353/763/1335
f 1353/763/1335 1395/767/1340 1376/766/1338
f 1354/769/1337 1352/768/1341 1353/763/1335
f 1356/770/1342 1355/771/1343 1442/775/1344
f 1354/769/1337 1432/772/1345 1356/770/1342
f 1356/770/1342 1357/773/1346 1354/769/1337
f 1442/775/1344 1400/774/1347 1356/770/1342
f 1462/777/1348 1359/776/1349 1358/778/700
f 1358/778/700 1460/740/1315 1462/777/1348
f 1360/780/700 1365/779/1350 1358/778/700
f 1358/778/700 1385/781/1351 1360/780/700
f 1361/782/700 1385/781/1351 1384/786/1352
f 1368/783/1353 1360/780/700 1361/782/700
f 1361/782/700 1373/784/1354 1368/783/1353
f 1384/786/1352 1362/785/700 1361/782/700
f 1363/787/1355 1460/740/1315 1365/779/1350
f 1449/788/1356 1364/739/1313 1363/787/1355
f 1363/787/1355 1370/789/1357 1449/788/1356
f 1365/779/1350 1366/790/1358 1363/787/1355
f 1371/791/1359 1367/792/1360 1368/783/1353
f 1369/793/1361 1366/790/1358 1371/791/1359
f 1371/791/1359 1372/794/1362 1369/793/1361
f 1368/783/1353 1405/795/1363 1371/791/1359
f 1374/796/1364 1437/797/1365 1376/766/1338
f 1380/799/1366 1375/798/1367 1374/796/1364
f 1374/796/1364 1386/800/1368 1380/799/1366
f 1376/766/1338 1392/801/1369 1374/796/1364
f 1377/802/1370 1350/762/1334 1348/757/1331
f 1452/804/1371 1467/803/1372 1377/802/1370
f 1377/802/1370 1378/805/1373 1452/804/1371
f 1348/757/1331 1443/806/1374 1377/802/1370
f 1381/807/1375 1441/808/1376 1380/799/1366
f 1381/807/1375 1383/810/1377 1379/809/1378
f 1381/807/1375 1385/812/1351 1382/811/1379
f 1380/799/1366 1384/813/1352 1381/807/1375
f 1389/814/1380 1387/815/1381 1390/817/1382
f 1359/816/1349 1341/748/1323 1389/814/1380
f 1389/814/1380 1385/812/1351 1359/816/1349
f 1390/817/1382 1382/811/1379 1389/814/1380
f 1391/818/700 1386/800/1368 1392/801/1369
f 1393/819/1383 1362/785/700 1391/818/700
f 1391/818/700 1408/820/1384 1393/819/1383
f 1392/801/1369 1394/821/700 1391/818/700
f 1396/822/700 1395/767/1340 1352/768/1341
f 1397/823/1385 1394/821/700 1396/822/700
f 1396/822/700 1413/824/1386 1397/823/1385
f 1352/768/1341 1398/825/700 1396/822/700
f 1399/826/700 1357/773/1346 1400/774/1347
f 1416/827/1387 1398/825/700 1399/826/700
f 1399/826/700 1418/828/1388 1416/827/1387
f 1400/774/1347 1401/829/700 1399/826/700
f 1401/829/700 1404/830/1389 1403/831/700
f 1403/831/700 1418/828/1388 1401/829/700
f 1346/758/700 1419/832/1390 1403/831/700
f 1403/831/700 1347/833/1391 1346/758/700
f 1406/834/1392 1373/784/1354 1393/819/1383
f 1440/835/1393 1405/795/1363 1406/834/1392
f 1406/834/1392 1436/836/1394 1440/835/1393
f 1393/819/1383 1407/837/1395 1406/834/1392
f 1411/838/1396 1408/820/1384 1397/823/1385
f 1409/839/1397 1407/837/1395 1411/838/1396
f 1411/838/1396 1415/840/1398 1409/839/1397
f 1397/823/1385 1410/841/1399 1411/838/1396
f 1412/842/1400 1413/824/1386 1416/827/1387
f 1414/843/1401 1410/841/1399 1412/842/1400
f 1412/842/1400 1420/844/1402 1414/843/1401
f 1416/827/1387 1417/845/1403 1412/842/1400
f 1417/845/1403 1419/832/1390 1421/846/1404
f 1421/846/1404 1420/844/1402 1417/845/1403
f 1424/751/1324 1422/847/1405 1421/846/1404
f 1421/846/1404 1423/760/1332 1424/751/1324
f 1425/831/625 1420/828/1402 1422/832/1405
f 1427/830/1406 1426/829/625 1425/831/625
f 1425/831/625 1378/833/1373 1427/830/1406
f 1422/832/1405 1428/758/625 1425/831/625
f 1431/825/625 1414/827/1401 1430/826/625
f 1430/826/625 1433/773/1336 1431/825/625
f 1426/829/625 1432/774/1345 1430/826/625
f 1430/826/625 1420/828/1402 1426/829/625
f 1435/821/625 1409/823/1397 1434/822/625
f 1434/822/625 1437/767/1365 1435/821/625
f 1431/825/625 1351/768/1339 1434/822/625
f 1434/822/625 1415/824/1398 1431/825/625
f 1439/848/625 1440/819/1393 1438/818/625
f 1438/818/625 1441/808/1376 1439/848/625
f 1435/821/625 1375/801/1367 1438/818/625
f 1438/818/625 1436/820/1394 1435/821/625
f 1404/830/1389 1442/775/1344 1444/849/1407
f 1444/849/1407 1347/833/1391 1404/830/1389
f 1427/850/1406 1443/806/1374 1444/849/1407
f 1444/849/1407 1355/771/1343 1427/850/1406
f 1446/852/625 1369/851/1361 1445/853/625
f 1445/853/625 1383/810/1377 1446/852/625
f 1439/848/625 1379/809/1378 1445/853/625
f 1445/853/625 1372/854/1362 1439/848/625
f 1447/855/625 1455/856/1408 1449/858/1356
f 1390/817/1382 1448/857/1409 1447/855/625
f 1447/855/625 1383/810/1377 1390/817/1382
f 1449/858/1356 1446/852/625 1447/855/625
f 1450/759/625 1429/760/1327 1451/750/1329
f 1452/757/1371 1428/758/625 1450/759/625
f 1450/759/625 1468/762/1410 1452/757/1371
f 1451/750/1329 1453/761/1411 1450/759/625
f 1454/859/1412 1337/859/1413 1336/859/1414
f 1338/859/1415 1459/859/1416 1454/859/1412
f 1454/859/1412 1339/859/1417 1338/859/1415
f 1336/859/1414 1012/859/1418 1454/859/1412
f 1456/860/1419 1455/856/1408 1448/857/1409
f 1012/862/1420 1334/861/1314 1456/860/1419
f 1456/860/1419 1339/744/1318 1012/862/1420
f 1448/857/1409 1457/749/1319 1456/860/1419
f 1461/741/1316 1459/863/1421 1458/864/1422
f 1458/864/1422 1460/740/1315 1461/741/1316
f 1340/865/1320 1462/777/1348 1458/864/1422
f 1458/864/1422 971/866/1423 1340/865/1320
f 1463/867/719 1465/868/1330 1466/873/1333
f 1453/870/1411 1464/869/1328 1463/867/719
f 1463/867/719 1468/871/1410 1453/870/1411
f 1466/873/1333 1467/872/1372 1463/867/719
f 1/1/1 3/7/7 336/2/2
f 12/3/3 10/19/19 2/4/4
f 1/1/1 2/4/4 339/5/5
f 25/6/6 344/37/37 3/7/7
f 7/8/8 580/14/14 579/9/9
f 7/8/8 163/10/10 4/11/11
f 5/12/12 6/26/26 8/13/13
f 8/13/13 335/16/16 580/14/14
f 11/15/15 13/20/20 335/16/16
f 21/17/17 322/35/35 9/18/18
f 11/15/15 9/18/18 10/19/19
f 12/3/3 336/2/2 13/20/20
f 5/12/12 4/11/11 14/21/21
f 16/22/22 14/21/21 15/23/23
f 328/24/24 327/29/29 17/25/25
f 16/22/22 17/25/25 6/26/26
f 20/27/27 6/26/26 17/25/25
f 19/28/28 17/25/25 327/29/29
f 18/30/30 318/136/135 91/31/31
f 19/28/28 91/31/31 480/32/32
f 21/17/17 335/16/16 8/13/13
f 22/33/33 8/13/13 6/26/26
f 20/27/27 480/32/32 23/34/34
f 22/33/33 23/34/34 322/35/35
f 27/36/36 24/41/41 344/37/37
f 25/6/6 339/5/5 350/38/38
f 27/36/36 350/38/38 26/39/39
f 29/40/40 359/43/43 24/41/41
f 30/42/42 28/47/47 359/43/43
f 29/40/40 26/39/39 355/44/44
f 30/42/42 355/44/44 354/45/45
f 32/46/46 360/874/484 28/47/47
f 31/48/48 360/874/484 32/46/46
f 33/49/49 32/46/46 354/45/45
f 367/50/50 34/55/55 35/51/51
f 33/49/49 35/51/51 374/52/52
f 375/53/53 374/52/52 35/51/51
f 36/54/54 35/51/51 34/55/55
f 36/54/54 372/56/56 381/57/57
f 36/54/54 39/58/58 377/59/59
f 38/60/60 37/64/64 377/59/59
f 39/58/58 381/57/57 380/61/61
f 38/60/60 380/61/61 390/62/62
f 42/63/63 393/66/66 37/64/64
f 40/65/65 41/70/70 393/66/66
f 42/63/63 390/62/62 43/67/67
f 40/65/65 43/67/67 388/68/68
f 44/69/69 394/72/72 41/70/70
f 46/71/71 47/76/76 394/72/72
f 44/69/69 388/68/68 45/73/73
f 45/73/73 396/875/505 49/74/74
f 46/71/71 49/74/74 48/75/75
f 50/77/77 408/81/81 48/75/75
f 49/74/74 396/875/505 403/78/78
f 50/77/77 403/78/78 55/79/79
f 54/80/80 53/83/83 408/81/81
f 51/82/82 52/87/87 53/83/83
f 54/80/80 55/79/79 413/84/84
f 51/82/82 413/84/84 56/85/85
f 58/86/86 57/89/89 52/87/87
f 59/88/88 61/93/93 57/89/89
f 59/88/88 58/86/86 56/85/85
f 419/90/90 418/96/96 60/91/91
f 59/88/88 60/91/91 63/92/92
f 62/94/94 63/92/92 60/91/91
f 64/95/95 60/91/91 418/96/96
f 425/97/97 65/102/102 67/98/98
f 64/95/95 67/98/98 66/99/99
f 437/100/100 66/99/99 67/98/98
f 69/101/101 67/98/98 65/102/102
f 432/103/103 431/876/522 68/104/104
f 69/101/101 68/104/104 449/105/105
f 72/106/106 70/112/112 71/107/107
f 76/108/108 75/115/115 442/109/109
f 72/106/106 442/109/109 441/110/110
f 79/111/111 78/118/118 70/112/112
f 73/113/113 450/116/116 449/105/105
f 68/104/104 431/876/522 74/114/114
f 73/113/113 74/114/114 75/115/115
f 76/108/108 71/107/107 450/116/116
f 77/117/117 460/122/122 78/118/118
f 79/111/111 441/110/110 456/119/119
f 77/117/117 456/119/119 80/120/120
f 83/121/121 81/124/124 460/122/122
f 82/123/123 467/128/128 81/124/124
f 83/121/121 80/120/120 463/125/125
f 82/123/123 463/125/125 84/126/126
f 85/127/127 87/215/209 467/128/128
f 86/129/129 87/215/209 89/130/130
f 88/131/131 89/130/130 90/132/26
f 136/133/132 474/194/193 86/129/129
f 95/134/133 480/32/32 91/31/31
f 94/135/134 91/31/31 318/136/135
f 92/137/136 485/142/141 93/138/137
f 94/135/134 93/138/137 491/139/138
f 492/140/139 491/139/138 93/138/137
f 96/141/140 93/138/137 485/142/141
f 484/143/142 496/148/147 99/144/143
f 96/141/140 99/144/143 98/145/144
f 101/146/145 98/145/144 99/144/143
f 97/147/146 99/144/143 496/148/147
f 495/149/148 104/154/153 100/150/149
f 97/147/146 100/150/149 102/151/150
f 106/152/151 102/151/150 100/150/149
f 103/153/152 100/150/149 104/154/153
f 105/155/154 505/160/159 110/156/155
f 103/153/152 110/156/155 108/157/156
f 107/158/157 108/157/156 110/156/155
f 109/159/158 110/156/155 505/160/159
f 111/161/160 520/877/564 112/162/161
f 109/159/158 112/162/161 113/163/162
f 114/164/163 526/168/167 113/163/162
f 112/162/161 520/877/564 519/165/164
f 114/164/163 519/165/164 518/166/165
f 116/167/166 532/170/169 526/168/167
f 117/169/168 115/174/173 532/170/169
f 116/167/166 518/166/165 529/171/170
f 117/169/168 529/171/170 547/172/171
f 123/173/172 122/183/182 115/174/173
f 118/175/174 119/181/180 553/176/175
f 125/177/176 546/185/184 539/178/177
f 118/175/174 539/178/177 538/179/178
f 127/180/179 555/188/187 119/181/180
f 120/182/181 121/186/185 122/183/182
f 123/173/172 547/172/171 124/184/183
f 120/182/181 124/184/183 546/185/184
f 125/177/176 553/176/175 121/186/185
f 128/187/186 126/192/191 555/188/187
f 127/180/179 538/179/178 576/189/188
f 128/187/186 576/189/188 144/190/189
f 129/191/190 130/209/26 126/192/191
f 131/193/192 132/198/195 474/194/193
f 131/193/192 133/195/194 134/196/26
f 135/197/26 130/209/26 132/198/195
f 133/195/194 474/194/193 136/133/132
f 137/199/26 136/133/132 90/132/26
f 137/199/26 138/200/26 134/196/26
f 158/201/196 860/878/1424 862/202/197
f 140/203/198 862/202/197 861/204/199
f 588/205/200 139/226/220 141/206/201
f 140/203/198 141/206/201 142/207/202
f 143/208/203 132/198/195 130/209/26
f 129/191/190 144/190/189 561/210/204
f 143/208/203 561/210/204 145/211/205
f 146/212/206 474/194/193 132/198/195
f 148/213/207 90/132/26 89/130/130
f 147/214/208 89/130/130 87/215/209
f 147/214/208 85/127/127 84/126/126
f 471/216/210 151/222/216 148/213/207
f 150/217/211 126/192/191 130/209/26
f 135/197/26 134/196/26 149/218/212
f 150/217/211 149/218/212 153/219/213
f 567/220/214 555/188/187 126/192/191
f 152/221/215 149/218/212 134/196/26
f 138/200/26 90/132/26 148/213/207
f 152/221/215 148/213/207 151/222/216
f 571/223/217 153/219/213 149/218/212
f 154/224/218 142/207/202 141/206/201
f 155/225/219 141/206/201 139/226/220
f 156/227/221 15/23/23 14/21/21
f 155/225/219 14/21/21 4/11/11
f 159/228/222 157/232/226 1051/229/223
f 884/230/224 860/878/1424 158/201/196
f 158/201/196 142/207/202 160/231/225
f 160/231/225 161/234/228 157/232/226
f 162/233/227 585/235/229 161/234/228
f 162/233/227 160/231/225 142/207/202
f 154/224/218 4/11/11 163/10/10
f 163/10/10 579/9/9 585/235/229
f 166/236/230 171/242/236 170/237/231
f 347/238/232 346/271/265 164/239/233
f 166/236/230 164/239/233 342/240/234
f 165/241/235 334/252/246 171/242/236
f 313/243/237 312/458/452 168/244/238
f 168/244/238 182/250/244 187/246/240
f 187/246/240 186/257/251 173/247/241
f 167/245/239 173/247/241 314/248/242
f 172/249/243 169/254/248 182/250/244
f 338/251/245 170/237/231 171/242/236
f 172/249/243 171/242/236 334/252/246
f 332/253/247 324/268/262 169/254/248
f 176/255/249 314/248/242 173/247/241
f 174/256/250 173/247/241 186/257/251
f 180/258/252 330/266/260 175/259/253
f 174/256/250 175/259/253 595/260/254
f 180/258/252 186/257/251 185/261/255
f 177/262/256 185/261/255 184/263/257
f 178/264/258 264/373/367 179/265/259
f 177/262/256 179/265/259 330/266/260
f 187/246/240 182/250/244 169/254/248
f 181/267/261 169/254/248 324/268/262
f 183/269/263 184/263/257 185/261/255
f 181/267/261 185/261/255 186/257/251
f 188/270/264 164/239/233 346/271/265
f 189/272/266 192/277/271 191/273/267
f 188/270/264 191/273/267 190/274/268
f 352/275/269 342/240/234 164/239/233
f 193/276/270 191/273/267 192/277/271
f 363/278/272 362/517/486 194/279/273
f 193/276/270 194/279/273 201/280/274
f 195/281/275 190/274/268 191/273/267
f 194/279/273 362/517/486 196/282/276
f 197/283/277 196/282/276 198/284/278
f 199/285/279 369/293/287 200/286/280
f 197/283/277 200/286/280 201/280/274
f 199/285/279 198/284/278 202/287/281
f 205/288/282 202/287/281 203/289/283
f 205/288/282 204/290/284 210/291/285
f 205/288/282 373/292/286 369/293/287
f 206/294/288 204/290/284 203/289/283
f 207/295/289 386/300/294 214/296/290
f 206/294/288 214/296/290 208/297/291
f 209/298/292 210/291/285 204/290/284
f 211/299/293 214/296/290 386/300/294
f 212/301/295 215/306/300 213/302/296
f 211/299/293 213/302/296 392/303/297
f 391/304/298 208/297/291 214/296/290
f 219/305/299 213/302/296 215/306/300
f 219/305/299 216/307/301 217/308/302
f 223/309/303 222/552/506 218/310/304
f 218/310/304 392/303/297 213/302/296
f 220/311/305 223/309/303 217/308/302
f 410/312/306 225/317/311 221/313/307
f 220/311/305 221/313/307 406/314/308
f 405/315/309 222/552/506 223/309/303
f 224/316/310 221/313/307 225/317/311
f 226/318/312 227/323/317 228/319/313
f 224/316/310 228/319/313 232/320/314
f 414/321/315 406/314/308 221/313/307
f 229/322/316 228/319/313 227/323/317
f 229/322/316 422/324/318 421/325/319
f 237/326/320 230/333/327 231/327/321
f 229/322/316 231/327/321 232/320/314
f 237/326/320 421/325/319 233/328/322
f 235/329/323 233/328/322 440/330/324
f 234/331/325 434/339/333 236/332/326
f 235/329/323 236/332/326 230/333/327
f 234/331/325 440/330/324 439/334/328
f 240/335/329 439/334/328 238/336/330
f 249/337/331 239/583/523 435/338/332
f 240/335/329 435/338/332 434/339/333
f 243/340/334 247/346/340 452/341/335
f 241/342/336 455/352/346 242/343/337
f 243/340/334 242/343/337 255/344/338
f 244/345/339 445/349/343 247/346/340
f 246/347/341 249/337/331 238/336/330
f 245/348/342 452/341/335 247/346/340
f 246/347/341 247/346/340 445/349/343
f 248/350/344 239/583/523 249/337/331
f 254/351/345 242/343/337 455/352/346
f 250/353/347 251/358/352 252/354/348
f 254/351/345 252/354/348 253/355/349
f 458/356/350 255/344/338 242/343/337
f 256/357/351 252/354/348 251/358/352
f 257/359/353 261/437/431 258/360/354
f 256/357/351 258/360/354 259/361/355
f 466/362/356 253/355/349 252/354/348
f 297/363/357 261/437/431 475/364/358
f 475/364/358 715/879/1425 716/366/360
f 260/365/359 716/366/360 719/367/361
f 178/264/258 184/263/257 482/368/362
f 262/369/363 482/368/362 494/370/364
f 263/371/365 479/379/373 478/372/366
f 262/369/363 478/372/366 264/373/367
f 263/371/365 494/370/364 265/374/368
f 266/375/369 265/374/368 268/376/370
f 267/377/371 489/385/379 488/378/372
f 266/375/369 488/378/372 479/379/373
f 267/377/371 268/376/370 503/380/374
f 269/381/375 503/380/374 501/382/376
f 270/383/377 498/391/385 271/384/378
f 269/381/375 271/384/378 489/385/379
f 270/383/377 501/382/376 511/386/380
f 272/387/381 511/386/380 510/388/382
f 273/389/383 276/397/391 507/390/384
f 272/387/381 507/390/384 498/391/385
f 273/389/383 510/388/382 515/392/386
f 274/393/387 515/392/386 279/394/388
f 278/395/389 521/664/565 275/396/390
f 274/393/387 275/396/390 276/397/391
f 277/398/392 278/395/389 279/394/388
f 527/399/393 536/404/398 280/400/394
f 277/398/392 280/400/394 523/401/395
f 522/402/396 521/664/565 278/395/389
f 281/403/397 280/400/394 536/404/398
f 535/405/399 545/417/411 282/406/400
f 281/403/397 282/406/400 550/407/401
f 531/408/402 523/401/395 280/400/394
f 285/409/403 288/415/409 283/410/404
f 556/411/405 289/422/416 284/412/406
f 285/409/403 284/412/406 578/413/407
f 286/414/408 542/419/413 288/415/409
f 287/416/410 282/406/400 545/417/411
f 544/418/412 283/410/404 288/415/409
f 287/416/410 288/415/409 542/419/413
f 551/420/414 550/407/401 282/406/400
f 290/421/415 284/412/406 289/422/416
f 302/423/417 719/367/361 291/424/418
f 290/421/415 291/424/418 563/425/419
f 292/426/420 578/413/407 284/412/406
f 1015/427/421 1038/454/448 293/428/422
f 296/429/423 293/428/422 309/430/424
f 294/431/425 295/448/442 590/432/426
f 296/429/423 590/432/426 1017/433/427
f 297/363/357 719/367/361 298/434/428
f 298/434/428 473/444/438 300/436/430
f 299/435/429 300/436/430 259/361/355
f 299/435/429 258/360/354 261/437/431
f 304/438/432 719/367/361 302/423/417
f 302/423/417 289/422/416 569/440/434
f 301/439/433 569/440/434 303/441/435
f 298/434/428 719/367/361 304/438/432
f 304/438/432 303/441/435 306/443/437
f 305/442/436 306/443/437 473/444/438
f 294/431/425 309/430/424 316/445/439
f 307/446/440 316/445/439 314/248/242
f 176/255/249 595/260/254 594/447/441
f 307/446/440 594/447/441 295/448/442
f 308/449/443 1037/455/449 1033/450/444
f 308/449/443 326/451/445 587/452/446
f 310/453/447 309/430/424 293/428/422
f 308/449/443 293/428/422 1038/454/448
f 310/453/447 587/452/446 311/456/450
f 315/457/451 311/456/450 312/458/452
f 313/243/237 314/248/242 316/445/439
f 315/457/451 316/445/439 309/430/424
f 320/459/453 317/463/455 318/460/135
f 18/461/30 327/474/29 319/462/454
f 319/462/454 330/266/260 179/265/259
f 320/459/453 179/265/259 264/373/367
f 331/464/456 322/480/35 23/465/34
f 23/465/34 480/634/32 323/467/458
f 323/467/458 184/263/257 183/269/263
f 183/269/263 324/268/262 331/464/456
f 1054/468/459 1051/880/223 157/469/226
f 325/470/460 157/469/226 161/471/228
f 584/472/461 587/452/446 326/451/445
f 325/470/460 326/451/445 1033/450/444
f 329/473/462 319/462/454 327/474/29
f 328/475/24 15/734/23 591/476/463
f 591/476/463 595/260/254 175/259/253
f 329/473/462 175/259/253 330/266/260
f 341/477/464 10/489/19 9/478/18
f 333/479/465 9/478/18 322/480/35
f 333/479/465 331/464/456 324/268/262
f 332/253/247 334/252/246 341/477/464
f 581/481/466 335/724/16 13/482/20
f 337/483/467 13/482/20 336/484/2
f 337/483/467 348/485/468 170/237/231
f 338/251/245 182/250/244 581/481/466
f 351/486/469 339/497/5 2/487/4
f 340/488/470 2/487/4 10/489/19
f 340/488/470 341/477/464 334/252/246
f 165/241/235 342/240/234 351/486/469
f 348/485/468 336/484/2 3/490/7
f 343/491/471 3/490/7 344/492/37
f 343/491/471 345/493/472 346/271/265
f 347/238/232 170/237/231 348/485/468
f 357/494/473 26/505/39 350/495/38
f 349/496/474 350/495/38 339/497/5
f 349/496/474 351/486/469 342/240/234
f 352/275/269 190/274/268 357/494/473
f 345/493/472 344/492/37 24/498/41
f 353/499/475 24/498/41 359/500/43
f 353/499/475 358/501/476 192/277/271
f 189/272/266 346/271/265 345/493/472
f 368/502/477 354/881/45 355/503/44
f 356/504/478 355/503/44 26/505/39
f 356/504/478 357/494/473 190/274/268
f 195/281/275 201/280/274 368/502/477
f 358/501/476 359/500/43 28/506/47
f 28/506/47 360/514/484 361/508/480
f 361/508/480 362/517/486 363/278/272
f 363/278/272 192/277/271 358/501/476
f 365/509/481 366/512/482 34/510/55
f 367/511/50 354/881/45 368/502/477
f 368/502/477 201/280/274 200/286/280
f 365/509/481 200/286/280 369/293/287
f 370/513/483 361/508/480 360/514/484
f 31/515/48 374/522/52 378/516/485
f 378/516/485 198/284/278 196/282/276
f 370/513/483 196/282/276 362/517/486
f 382/518/487 381/528/57 372/519/56
f 372/519/56 34/510/55 366/512/482
f 366/512/482 369/293/287 373/292/286
f 373/292/286 210/291/285 382/518/487
f 376/521/489 378/516/485 374/522/52
f 375/523/53 377/882/59 387/524/490
f 387/524/490 203/289/283 202/287/281
f 376/521/489 202/287/281 198/284/278
f 379/525/491 390/536/62 380/526/61
f 383/527/492 380/526/61 381/528/57
f 383/527/492 382/518/487 210/291/285
f 209/298/292 208/297/291 379/525/491
f 387/524/490 377/882/59 37/529/64
f 385/530/493 37/529/64 393/531/66
f 385/530/493 384/532/494 386/300/294
f 207/295/289 203/289/283 387/524/490
f 398/533/495 388/544/68 43/534/67
f 389/535/496 43/534/67 390/536/62
f 389/535/496 379/525/491 208/297/291
f 391/304/298 392/303/297 398/533/495
f 384/532/494 393/531/66 41/537/70
f 395/538/497 41/537/70 394/539/72
f 395/538/497 402/540/498 215/306/300
f 212/301/295 386/300/294 384/532/494
f 399/541/499 396/551/505 45/542/73
f 397/543/500 45/542/73 388/544/68
f 397/543/500 398/533/495 392/303/297
f 218/310/304 222/552/506 399/541/499
f 402/540/498 394/539/72 47/545/76
f 47/545/76 48/883/75 401/547/502
f 401/547/502 217/308/302 216/307/301
f 216/307/301 215/306/300 402/540/498
f 407/548/503 55/560/79 403/549/78
f 404/550/504 403/549/78 396/551/505
f 404/550/504 399/541/499 222/552/506
f 405/315/309 406/314/308 407/548/503
f 401/547/502 48/883/75 408/553/81
f 409/554/507 408/553/81 53/555/83
f 409/554/507 415/556/508 225/317/311
f 410/312/306 217/308/302 401/547/502
f 412/557/509 56/884/85 413/558/84
f 411/559/510 413/558/84 55/560/79
f 411/559/510 407/548/503 406/314/308
f 414/321/315 232/320/314 412/557/509
f 415/556/508 53/555/83 52/561/87
f 416/562/511 52/561/87 57/563/89
f 416/562/511 417/564/512 227/323/317
f 226/318/312 225/317/311 415/556/508
f 420/565/513 427/568/514 418/566/96
f 419/567/90 56/884/85 412/557/509
f 412/557/509 232/320/314 231/327/321
f 420/565/513 231/327/321 230/333/327
f 417/564/512 57/563/89 61/569/93
f 423/570/515 61/569/93 63/571/92
f 423/570/515 430/572/516 421/325/319
f 422/324/318 227/323/317 417/564/512
f 426/573/517 424/576/518 65/574/102
f 425/575/97 418/566/96 427/568/514
f 427/568/514 230/333/327 236/332/326
f 426/573/517 236/332/326 434/339/333
f 429/577/519 430/572/516 63/571/92
f 62/578/94 66/586/99 428/579/520
f 428/579/520 440/330/324 233/328/322
f 429/577/519 233/328/322 421/325/319
f 433/580/521 436/584/524 431/581/522
f 432/582/103 65/574/102 424/576/518
f 424/576/518 434/339/333 435/338/332
f 433/580/521 435/338/332 239/583/523
f 438/585/525 428/579/520 66/586/99
f 437/587/100 449/885/105 448/588/526
f 448/588/526 238/336/330 439/334/328
f 438/585/525 439/334/328 440/330/324
f 446/589/527 441/607/110 442/590/109
f 443/591/528 442/590/109 75/592/115
f 443/591/528 444/593/529 445/349/343
f 244/345/339 255/344/338 446/589/527
f 448/588/526 449/885/105 450/594/116
f 447/595/530 450/594/116 71/596/107
f 447/595/530 451/597/531 452/341/335
f 245/348/342 238/336/330 448/588/526
f 444/593/529 75/592/115 74/598/114
f 453/599/532 74/598/114 431/581/522
f 453/599/532 436/584/524 239/583/523
f 248/350/344 445/349/343 444/593/529
f 451/597/531 71/596/107 70/600/112
f 454/601/533 70/600/112 78/602/118
f 454/601/533 459/603/534 455/352/346
f 241/342/336 452/341/335 451/597/531
f 464/604/535 80/615/120 456/605/119
f 457/606/536 456/605/119 441/607/110
f 457/606/536 446/589/527 255/344/338
f 458/356/350 253/355/349 464/604/535
f 459/603/534 78/602/118 460/608/122
f 461/609/537 460/608/122 81/610/124
f 461/609/537 470/611/538 251/358/352
f 250/353/347 455/352/346 459/603/534
f 465/612/539 462/616/540 84/613/126
f 465/612/539 463/614/125 80/615/120
f 465/612/539 464/604/535 253/355/349
f 465/612/539 466/362/356 259/361/355
f 470/611/538 81/610/124 467/617/128
f 469/618/541 467/617/128 87/619/209
f 469/618/541 468/620/542 261/437/431
f 257/359/353 251/358/352 470/611/538
f 472/621/543 572/624/544 151/622/216
f 471/623/210 84/613/126 462/616/540
f 462/616/540 259/361/355 300/436/430
f 472/621/543 300/436/430 473/444/438
f 468/620/542 87/619/209 86/625/129
f 476/626/545 86/625/129 474/627/193
f 560/628/546 715/879/1425 475/364/358
f 475/364/358 261/437/431 468/620/542
f 477/629/547 486/632/548 485/630/141
f 92/631/136 318/460/135 317/463/455
f 317/463/455 264/373/367 478/372/366
f 477/629/547 478/372/366 479/379/373
f 481/633/549 323/467/458 480/634/32
f 95/635/133 491/642/138 490/636/550
f 490/636/550 494/370/364 482/368/362
f 481/633/549 482/368/362 184/263/257
f 487/637/551 483/640/552 496/638/147
f 484/639/142 485/630/141 486/632/548
f 486/632/548 479/379/373 488/378/372
f 487/637/551 488/378/372 489/385/379
f 493/641/553 490/636/550 491/642/138
f 492/643/139 98/650/144 504/644/554
f 504/644/554 268/376/370 265/374/368
f 493/641/553 265/374/368 494/370/364
f 497/645/555 499/648/556 104/646/153
f 495/647/148 496/638/147 483/640/552
f 483/640/552 489/385/379 271/384/378
f 497/645/555 271/384/378 498/391/385
f 502/649/557 504/644/554 98/650/144
f 101/651/145 102/658/150 500/652/558
f 500/652/558 501/382/376 503/380/374
f 502/649/557 503/380/374 268/376/370
f 506/653/559 508/656/560 505/654/159
f 105/655/154 104/646/153 499/648/556
f 499/648/556 498/391/385 507/390/384
f 506/653/559 507/390/384 276/397/391
f 509/657/561 500/652/558 102/658/150
f 106/659/151 108/667/156 516/660/562
f 516/660/562 510/388/382 511/386/380
f 509/657/561 511/386/380 501/382/376
f 512/661/563 513/665/566 520/662/564
f 111/663/160 505/654/159 508/656/560
f 508/656/560 276/397/391 275/396/390
f 512/661/563 275/396/390 521/664/565
f 514/666/567 516/660/562 108/667/156
f 107/668/157 113/886/162 528/669/568
f 528/669/568 279/394/388 515/392/386
f 514/666/567 515/392/386 510/388/382
f 524/670/569 518/680/165 519/671/164
f 517/672/570 519/671/164 520/662/564
f 517/672/570 513/665/566 521/664/565
f 522/402/396 523/401/395 524/670/569
f 528/669/568 113/886/162 526/673/167
f 525/674/571 526/673/167 532/675/169
f 525/674/571 537/676/572 536/404/398
f 527/399/393 279/394/388 528/669/568
f 548/677/573 547/696/171 529/678/170
f 530/679/574 529/678/170 518/680/165
f 530/679/574 524/670/569 523/401/395
f 531/408/402 550/407/401 548/677/573
f 537/676/572 532/675/169 115/681/173
f 533/682/575 115/681/173 122/683/182
f 533/682/575 534/684/576 545/417/411
f 535/405/399 536/404/398 537/676/572
f 577/685/577 538/720/178 539/686/177
f 540/687/578 539/686/177 546/688/184
f 540/687/578 541/689/579 542/419/413
f 286/414/408 578/413/407 577/685/577
f 534/684/576 122/683/182 121/690/185
f 543/691/580 121/690/185 553/692/175
f 543/691/580 552/693/581 283/410/404
f 544/418/412 545/417/411 534/684/576
f 541/689/579 546/688/184 124/694/183
f 549/695/582 124/694/183 547/696/171
f 549/695/582 548/677/573 550/407/401
f 551/420/414 542/419/413 541/689/579
f 552/693/581 553/692/175 119/697/180
f 119/697/180 555/712/187 570/699/584
f 570/699/584 289/422/416 556/411/405
f 556/411/405 283/410/404 552/693/581
f 560/628/546 474/627/193 146/700/206
f 558/701/585 146/700/206 145/702/205
f 557/703/586 566/710/591 559/704/587
f 559/704/587 715/879/1425 560/628/546
f 557/703/586 145/702/205 561/705/204
f 564/706/588 561/705/204 144/707/189
f 564/706/588 562/708/589 563/425/419
f 564/706/588 565/709/590 566/710/591
f 568/711/592 570/699/584 555/712/187
f 567/713/214 153/716/213 574/714/593
f 574/714/593 303/441/435 569/440/434
f 568/711/592 569/440/434 289/422/416
f 573/715/594 574/714/593 153/716/213
f 571/717/217 151/622/216 572/624/544
f 572/624/544 473/444/438 306/443/437
f 573/715/594 306/443/437 303/441/435
f 562/708/589 144/707/189 576/718/188
f 575/719/595 576/718/188 538/720/178
f 575/719/595 577/685/577 578/413/407
f 292/426/420 563/425/419 562/708/589
f 583/721/596 579/727/9 580/722/14
f 582/723/597 580/722/14 335/724/16
f 582/723/597 581/481/466 182/250/244
f 582/723/597 168/244/238 312/458/452
f 584/472/461 161/471/228 585/725/229
f 586/726/598 585/725/229 579/727/9
f 583/721/596 312/458/452 311/456/450
f 586/726/598 311/456/450 587/452/446
f 589/728/599 593/732/601 139/729/220
f 588/730/200 861/887/199 1323/731/600
f 589/728/599 1323/731/600 1017/433/427
f 590/432/426 295/448/442 593/732/601
f 592/733/602 591/476/463 15/734/23
f 156/735/221 139/729/220 593/732/601
f 592/733/602 593/732/601 295/448/442
f 594/447/441 595/260/254 591/476/463
f 599/736/603 565/742/609 563/737/604
f 596/738/605 712/888/703 597/739/606
f 599/736/603 597/739/606 598/740/607
f 723/741/608 566/889/1426 565/742/609
f 600/743/610 720/749/616 719/744/611
f 716/745/612 715/890/718 601/746/613
f 600/743/610 601/746/613 602/747/614
f 656/748/615 655/815/675 720/749/616
f 603/750/617 690/760/626 604/751/618
f 605/752/619 604/751/618 689/753/620
f 606/754/621 607/891/1427 725/755/622
f 605/752/619 725/755/622 610/756/623
f 642/757/624 707/833/685 609/758/625
f 608/759/625 609/758/625 690/760/626
f 603/750/617 610/756/623 611/761/627
f 608/759/625 611/761/627 728/762/628
f 612/763/629 613/769/635 698/764/630
f 614/765/631 637/797/659 641/766/632
f 612/763/629 641/766/632 615/767/633
f 616/768/634 617/773/639 613/769/635
f 621/770/636 618/775/641 693/771/637
f 619/772/638 698/764/630 613/769/635
f 621/770/636 613/769/635 617/773/639
f 620/774/640 705/892/1428 618/775/641
f 623/776/642 602/893/614 724/777/643
f 622/778/625 724/777/643 598/740/607
f 624/779/644 633/792/654 625/780/625
f 622/778/625 625/780/625 651/781/645
f 626/782/625 652/786/648 651/781/645
f 625/780/625 633/792/654 627/783/646
f 626/782/625 627/783/646 636/784/647
f 628/785/625 653/800/662 652/786/648
f 629/787/649 624/779/644 598/740/607
f 597/739/606 712/888/703 630/788/650
f 629/787/649 630/788/650 631/789/651
f 632/790/652 633/792/654 624/779/644
f 634/791/653 627/783/646 633/792/654
f 632/790/652 631/789/651 709/793/655
f 634/791/653 709/793/655 671/794/656
f 635/795/657 636/784/647 627/783/646
f 638/796/658 641/766/632 637/797/659
f 639/798/660 648/894/670 640/799/661
f 638/796/658 640/799/661 653/800/662
f 661/801/663 615/767/633 641/766/632
f 646/802/664 642/757/624 728/762/628
f 643/803/665 714/895/705 644/804/666
f 646/802/664 644/804/666 645/805/667
f 647/806/668 707/833/685 642/757/624
f 649/807/669 640/799/661 648/808/670
f 649/807/669 650/809/671 658/810/672
f 649/807/669 657/811/673 651/812/645
f 652/813/648 653/894/662 640/799/661
f 654/814/674 659/817/676 655/815/675
f 656/748/615 602/747/614 623/816/642
f 654/814/674 623/816/642 651/812/645
f 657/811/673 658/810/672 659/817/676
f 660/818/625 661/801/663 653/800/662
f 628/785/625 636/784/647 670/819/677
f 660/818/625 670/819/677 674/820/678
f 662/821/625 615/767/633 661/801/663
f 663/822/625 616/768/634 615/767/633
f 662/821/625 674/820/678 677/823/679
f 663/822/625 677/823/679 664/824/680
f 665/825/625 617/773/639 616/768/634
f 666/826/625 620/774/640 617/773/639
f 665/825/625 664/824/680 683/827/681
f 666/826/625 683/827/681 685/828/682
f 667/829/625 705/892/1428 620/774/640
f 706/830/683 705/892/1428 667/829/625
f 668/831/625 667/829/625 685/828/682
f 684/832/684 690/760/626 609/758/625
f 668/831/625 609/758/625 707/833/685
f 669/834/686 670/819/677 636/784/647
f 635/795/657 671/794/656 672/835/687
f 669/834/686 672/835/687 700/836/688
f 675/837/689 674/820/678 670/819/677
f 673/838/690 677/823/679 674/820/678
f 675/837/689 700/836/688 676/839/691
f 673/838/690 676/839/691 680/840/692
f 679/841/693 664/824/680 677/823/679
f 678/842/694 683/827/681 664/824/680
f 679/841/693 680/840/692 681/843/695
f 678/842/694 681/843/695 686/844/696
f 682/845/697 685/828/682 683/827/681
f 684/832/684 685/828/682 682/845/697
f 687/846/698 682/845/697 686/844/696
f 688/847/699 689/753/620 604/751/618
f 687/846/698 604/751/618 690/760/626
f 691/831/700 688/832/699 686/828/696
f 692/829/700 693/892/637 694/830/701
f 691/831/700 694/830/701 645/833/667
f 695/758/700 689/760/620 688/832/699
f 681/827/695 680/824/692 697/825/700
f 696/826/700 697/825/700 698/773/630
f 619/774/638 693/892/637 692/829/700
f 696/826/700 692/829/700 686/828/696
f 676/823/691 700/820/688 701/821/700
f 699/822/700 701/821/700 637/767/659
f 614/768/631 698/773/630 697/825/700
f 699/822/700 697/825/700 680/824/692
f 672/819/687 671/854/656 703/848/700
f 702/818/700 703/848/700 648/808/670
f 639/801/660 637/767/659 701/821/700
f 702/818/700 701/821/700 700/820/688
f 618/775/641 705/892/1428 706/830/683
f 704/849/702 706/830/683 707/833/685
f 647/806/668 645/805/667 694/850/701
f 704/849/702 694/850/701 693/771/637
f 709/851/655 631/896/651 710/852/700
f 708/853/700 710/852/700 658/810/672
f 650/809/671 648/808/670 703/848/700
f 708/853/700 703/848/700 671/854/656
f 711/855/700 630/858/650 712/856/703
f 721/857/704 655/815/675 659/817/676
f 711/855/700 659/817/676 658/810/672
f 710/852/700 631/896/651 630/858/650
f 713/759/700 606/750/621 689/760/620
f 695/758/700 645/833/667 644/757/666
f 713/759/700 644/757/666 714/762/705
f 726/761/706 607/756/1427 606/750/621
f 717/859/707 565/859/713 566/859/708
f 559/859/709 715/859/1429 716/859/710
f 717/859/707 716/859/710 719/859/711
f 291/859/712 563/859/1430 565/859/713
f 718/860/714 721/857/704 712/856/703
f 596/861/605 563/897/604 291/862/715
f 718/860/714 291/862/715 719/744/611
f 720/749/616 655/815/675 721/857/704
f 559/863/716 566/889/1426 723/741/608
f 722/864/717 723/741/608 598/740/607
f 724/777/643 602/893/614 601/865/613
f 722/864/717 601/865/613 715/866/718
f 727/867/719 611/873/627 610/868/623
f 725/869/622 607/898/1427 726/870/706
f 727/867/719 726/870/706 714/871/705
f 643/872/665 728/899/628 611/873/627
f 729/1/720 740/3/724 1062/2/721
f 1067/4/723 730/19/739 740/3/724
f 729/1/720 731/6/726 732/5/725
f 1072/7/722 1071/37/755 731/6/726
f 733/8/727 891/10/731 1318/9/728
f 733/8/727 736/12/733 741/11/730
f 734/13/732 735/26/26 736/12/733
f 1314/14/729 1313/16/735 734/13/732
f 737/15/734 753/17/738 1313/16/735
f 739/18/737 1059/35/753 753/17/738
f 737/15/734 740/3/724 730/19/739
f 738/20/736 1062/2/721 740/3/724
f 742/21/740 741/11/730 736/12/733
f 743/22/741 1057/24/744 882/23/742
f 744/25/743 746/29/747 1057/24/744
f 743/22/741 736/12/733 735/26/26
f 744/25/743 735/26/26 752/27/745
f 745/28/746 749/30/749 746/29/747
f 747/31/748 748/136/853 749/30/749
f 745/28/746 752/27/745 751/32/750
f 734/13/732 1313/16/735 753/17/738
f 750/33/751 752/27/745 735/26/26
f 1047/34/752 751/32/750 752/27/745
f 750/33/751 753/17/738 1059/35/753
f 754/36/754 731/6/726 1071/37/755
f 755/38/757 732/5/725 731/6/726
f 754/36/754 758/40/759 1090/39/758
f 1085/41/756 757/43/761 758/40/759
f 756/42/760 758/40/759 757/43/761
f 1088/44/763 1090/39/758 758/40/759
f 756/42/760 760/46/765 1089/45/764
f 759/47/762 1099/874/1192 760/46/765
f 760/46/765 1099/874/1192 1101/48/766
f 763/49/767 761/50/769 1089/45/764
f 762/51/768 1094/55/773 761/50/769
f 763/49/767 1101/48/766 764/52/770
f 762/51/768 764/52/770 1113/53/771
f 765/54/772 1106/56/775 1094/55/773
f 765/54/772 766/58/777 1107/57/774
f 765/54/772 1113/53/771 767/59/776
f 769/60/778 766/58/777 767/59/776
f 1118/61/780 1107/57/774 766/58/777
f 769/60/778 770/63/782 1119/62/781
f 768/64/779 771/66/784 770/63/782
f 773/65/783 770/63/782 771/66/784
f 1121/67/786 1119/62/781 770/63/782
f 773/65/783 772/69/788 1131/68/787
f 1127/70/785 1136/72/790 772/69/788
f 775/71/789 772/69/788 1136/72/790
f 774/73/792 1131/68/787 772/69/788
f 776/74/793 1142/875/1213 774/73/792
f 775/71/789 1135/76/791 1137/75/794
f 777/77/795 776/74/793 1137/75/794
f 1143/78/797 1142/875/1213 776/74/793
f 777/77/795 781/80/799 1140/79/798
f 778/81/796 779/83/801 781/80/799
f 780/82/800 781/80/799 779/83/801
f 782/84/803 1140/79/798 781/80/799
f 780/82/800 784/86/805 785/85/804
f 1152/87/802 783/89/807 784/86/805
f 786/88/806 784/86/805 783/89/807
f 786/88/806 788/90/810 785/85/804
f 787/91/809 1168/96/814 788/90/810
f 786/88/806 789/93/808 1161/92/811
f 787/91/809 1161/92/811 1174/94/812
f 790/95/813 1169/97/816 1168/96/814
f 791/98/815 1166/102/820 1169/97/816
f 790/95/813 1174/94/812 1181/99/817
f 791/98/815 1181/99/817 794/100/818
f 792/101/819 793/103/822 1166/102/820
f 799/104/821 1193/876/1230 793/103/822
f 792/101/819 794/100/818 1188/105/823
f 795/106/824 802/108/828 796/107/825
f 1185/109/827 801/115/834 802/108/828
f 795/106/824 803/111/830 805/110/829
f 797/112/826 804/118/836 803/111/830
f 800/113/831 799/104/821 1188/105/823
f 798/114/833 1193/876/1230 799/104/821
f 800/113/831 802/108/828 801/115/834
f 1190/116/832 796/107/825 802/108/828
f 806/117/835 803/111/830 804/118/836
f 1199/119/838 805/110/829 803/111/830
f 806/117/835 807/121/840 809/120/839
f 1204/122/837 1216/124/842 807/121/840
f 812/123/841 807/121/840 1216/124/842
f 1210/125/844 809/120/839 807/121/840
f 812/123/841 810/127/846 811/126/845
f 808/128/843 814/215/925 810/127/846
f 813/130/847 814/215/925 1223/129/848
f 817/131/849 815/133/850 816/132/26
f 1223/129/848 818/194/911 815/133/850
f 747/31/748 751/32/750 1229/134/851
f 819/135/852 1225/137/855 748/136/853
f 820/138/854 1237/142/859 1225/137/855
f 819/135/852 1229/134/851 1238/139/856
f 820/138/854 1238/139/856 1240/140/857
f 821/141/858 1235/143/861 1237/142/859
f 822/144/860 1244/148/865 1235/143/861
f 821/141/858 1240/140/857 823/145/862
f 822/144/860 823/145/862 1249/146/863
f 824/147/864 825/149/867 1244/148/865
f 826/150/866 1252/154/871 825/149/867
f 824/147/864 1249/146/863 1248/151/868
f 826/150/866 1248/151/868 829/152/869
f 827/153/870 1253/155/873 1252/154/871
f 828/156/872 1257/160/877 1253/155/873
f 827/153/870 829/152/869 1261/157/874
f 828/156/872 1261/157/874 1260/158/875
f 831/159/876 830/161/879 1257/160/877
f 834/162/878 1268/877/1272 830/161/879
f 831/159/876 1260/158/875 832/163/880
f 836/164/881 834/162/878 832/163/880
f 833/165/883 1268/877/1272 834/162/878
f 836/164/881 835/167/885 840/166/884
f 837/168/882 1271/170/887 835/167/885
f 838/169/886 835/167/885 1271/170/887
f 839/171/889 840/166/884 835/167/885
f 838/169/886 845/173/891 841/172/890
f 1277/174/888 846/183/900 845/173/891
f 842/175/892 843/177/896 1296/176/893
f 1281/178/895 1282/185/903 843/177/896
f 842/175/892 849/180/898 848/179/897
f 844/181/894 875/188/905 849/180/898
f 847/182/899 845/173/891 846/183/900
f 1291/184/902 841/172/890 845/173/891
f 847/182/899 843/177/896 1282/185/903
f 1286/186/901 1296/176/893 843/177/896
f 851/187/904 849/180/898 875/188/905
f 850/189/907 848/179/897 849/180/898
f 851/187/904 866/191/909 865/190/908
f 852/192/906 853/209/26 866/191/909
f 854/193/910 857/195/913 818/194/911
f 854/193/910 855/197/26 856/196/26
f 869/198/912 853/209/26 855/197/26
f 815/133/850 818/194/911 857/195/913
f 858/199/26 859/200/26 816/132/26
f 858/199/26 857/195/913 856/196/26
f 862/202/197 860/878/1424 883/201/914
f 863/203/915 1324/205/917 861/204/199
f 864/206/916 1322/226/936 1324/205/917
f 863/203/915 883/201/914 887/207/918
f 868/208/919 866/191/909 853/209/26
f 867/210/920 865/190/908 866/191/909
f 868/208/919 1301/212/922 1303/211/921
f 869/198/912 818/194/911 1301/212/922
f 813/130/847 816/132/26 878/213/923
f 870/214/924 810/127/846 814/215/925
f 870/214/924 872/216/926 811/126/845
f 878/213/923 871/222/932 872/216/926
f 874/217/927 855/197/26 853/209/26
f 873/218/928 856/196/26 855/197/26
f 874/217/927 876/220/930 880/219/929
f 852/192/906 875/188/905 876/220/930
f 879/221/931 859/200/26 856/196/26
f 878/213/923 816/132/26 859/200/26
f 879/221/931 877/223/933 871/222/932
f 873/218/928 880/219/929 877/223/933
f 864/206/916 887/207/918 890/224/934
f 881/225/935 1328/227/937 1322/226/936
f 742/21/740 882/23/742 1328/227/937
f 881/225/935 890/224/934 741/11/730
f 885/228/938 884/230/224 1051/229/223
f 883/201/914 860/878/1424 884/230/224
f 886/231/940 887/207/918 883/201/914
f 1050/232/939 1317/234/942 886/231/940
f 889/233/941 886/231/940 1317/234/942
f 889/233/941 890/224/934 887/207/918
f 891/10/731 741/11/730 890/224/934
f 888/235/943 1318/9/728 891/10/731
f 893/236/944 1074/238/948 1064/237/945
f 894/239/947 1075/271/979 1074/238/948
f 893/236/944 1070/241/950 1078/240/949
f 892/242/946 900/252/961 1070/241/950
f 1316/244/951 1319/458/1161 1040/243/952
f 909/246/954 908/250/958 1316/244/951
f 897/247/955 895/257/965 909/246/954
f 896/245/953 1040/243/952 1031/248/956
f 898/249/957 899/251/960 908/250/958
f 892/242/946 1064/237/945 899/251/960
f 898/249/957 901/253/962 900/252/961
f 907/254/959 1049/268/976 901/253/962
f 897/247/955 1031/248/956 1030/255/963
f 902/256/964 903/258/967 895/257/965
f 1058/259/966 1045/266/974 903/258/967
f 902/256/964 1030/255/963 1332/260/968
f 910/261/969 895/257/965 903/258/967
f 904/262/970 905/264/973 1233/263/971
f 906/265/972 1226/373/1081 905/264/973
f 904/262/970 903/258/967 1045/266/974
f 907/254/959 908/250/958 909/246/954
f 911/267/975 1048/269/977 1049/268/976
f 910/261/969 1233/263/971 1048/269/977
f 911/267/975 909/246/954 895/257/965
f 913/270/978 912/272/981 1075/271/979
f 917/273/980 1086/277/985 912/272/981
f 913/270/978 1081/275/983 1080/274/982
f 894/239/947 1078/240/949 1081/275/983
f 914/276/984 915/278/987 1086/277/985
f 918/279/986 1104/517/1194 915/278/987
f 914/276/984 916/281/989 1095/280/988
f 917/273/980 1080/274/982 916/281/989
f 1105/282/990 1104/517/1194 918/279/986
f 920/283/991 919/285/994 1102/284/992
f 1098/286/993 1097/293/1000 919/285/994
f 920/283/991 918/279/986 1095/280/988
f 1114/287/995 1102/284/992 919/285/994
f 921/288/996 922/290/999 1115/289/997
f 921/288/996 1111/292/1001 928/291/998
f 921/288/996 919/285/994 1097/293/1000
f 923/294/1002 925/295/1004 1115/289/997
f 930/296/1003 924/300/1008 925/295/1004
f 923/294/1002 926/298/1006 927/297/1005
f 922/290/999 928/291/998 926/298/1006
f 929/299/1007 1129/301/1010 924/300/1008
f 931/302/1009 1139/306/1014 1129/301/1010
f 929/299/1007 1125/304/1012 935/303/1011
f 930/296/1003 927/297/1005 1125/304/1012
f 932/305/1013 934/307/1016 1139/306/1014
f 932/305/1013 939/309/1018 933/308/1015
f 1132/310/1017 940/552/1214 939/309/1018
f 931/302/1009 935/303/1011 1132/310/1017
f 936/311/1019 1147/312/1021 933/308/1015
f 937/313/1020 1156/317/1025 1147/312/1021
f 936/311/1019 938/315/1023 1150/314/1022
f 939/309/1018 940/552/1214 938/315/1023
f 941/316/1024 1153/318/1027 1156/317/1025
f 942/319/1026 1154/323/1031 1153/318/1027
f 941/316/1024 1149/321/1029 1158/320/1028
f 937/313/1020 1150/314/1022 1149/321/1029
f 943/322/1030 1165/324/1033 1154/323/1031
f 943/322/1030 946/326/1035 1175/325/1032
f 1160/327/1034 1170/333/1041 946/326/1035
f 943/322/1030 942/319/1026 1158/320/1028
f 945/328/1036 1175/325/1032 946/326/1035
f 944/329/1037 948/331/1040 1184/330/1038
f 947/332/1039 1178/339/1047 948/331/1040
f 944/329/1037 946/326/1035 1170/333/1041
f 949/334/1042 1184/330/1038 948/331/1040
f 950/335/1043 951/337/1046 957/336/1044
f 1177/338/1045 1194/583/1232 951/337/1046
f 950/335/1043 948/331/1040 1178/339/1047
f 954/340/1048 952/342/1052 1191/341/1049
f 964/343/1051 960/352/1060 952/342/1052
f 954/340/1048 953/345/1054 1187/344/1053
f 955/346/1050 1196/349/1057 953/345/1054
f 956/347/1055 958/348/1056 957/336/1044
f 955/346/1050 1191/341/1049 958/348/1056
f 956/347/1055 959/350/1058 1196/349/1057
f 951/337/1046 1194/583/1232 959/350/1058
f 962/351/1059 1209/353/1062 960/352/1060
f 961/354/1061 1206/358/1066 1209/353/1062
f 962/351/1059 963/356/1064 1203/355/1063
f 964/343/1051 1187/344/1053 963/356/1064
f 965/357/1065 1217/359/1068 1206/358/1066
f 966/360/1067 967/437/1143 1217/359/1068
f 965/357/1065 1214/362/1070 1213/361/1069
f 961/354/1061 1203/355/1063 1214/362/1070
f 969/364/1071 967/437/1143 970/363/1072
f 1338/366/1074 971/879/1431 969/364/1071
f 968/365/1073 970/363/1072 1339/367/1075
f 1232/368/1076 1233/263/971 905/264/973
f 973/369/1077 972/371/1080 974/370/1078
f 1228/372/1079 979/379/1087 972/371/1080
f 973/369/1077 905/264/973 1226/373/1081
f 975/374/1082 974/370/1078 972/371/1080
f 976/375/1083 978/377/1086 982/376/1084
f 980/378/1085 977/385/1093 978/377/1086
f 976/375/1083 972/371/1080 979/379/1087
f 981/380/1088 982/376/1084 978/377/1086
f 984/381/1089 987/383/1092 983/382/1090
f 985/384/1091 986/391/1099 987/383/1092
f 984/381/1089 978/377/1086 977/385/1093
f 989/386/1094 983/382/1090 987/383/1092
f 988/387/1095 991/389/1098 1264/388/1096
f 990/390/1097 997/397/1105 991/389/1098
f 988/387/1095 987/383/1092 986/391/1099
f 1265/392/1100 1264/388/1096 991/389/1098
f 992/393/1101 996/395/1104 993/394/1102
f 994/396/1103 995/664/1274 996/395/1104
f 992/393/1101 991/389/1098 997/397/1105
f 998/398/1106 999/399/1108 993/394/1102
f 1000/400/1107 1273/404/1112 999/399/1108
f 998/398/1106 1270/402/1110 1269/401/1109
f 996/395/1104 995/664/1274 1270/402/1110
f 1003/403/1111 1001/405/1114 1273/404/1112
f 1002/406/1113 1280/417/1125 1001/405/1114
f 1003/403/1111 1275/408/1116 1276/407/1115
f 1000/400/1107 1269/401/1109 1275/408/1116
f 1006/409/1117 1005/411/1121 1008/410/1118
f 1011/412/1120 1298/422/1130 1005/411/1121
f 1006/409/1117 1285/414/1123 1007/413/1122
f 1004/415/1119 1009/419/1127 1285/414/1123
f 1010/416/1124 1288/418/1126 1280/417/1125
f 1004/415/1119 1008/410/1118 1288/418/1126
f 1010/416/1124 1295/420/1128 1009/419/1127
f 1002/406/1113 1276/407/1115 1295/420/1128
f 1013/421/1129 1021/423/1132 1298/422/1130
f 1012/424/1131 1339/367/1075 1021/423/1132
f 1013/421/1129 1014/426/1134 1335/425/1133
f 1011/412/1120 1007/413/1122 1014/426/1134
f 1035/428/1135 1038/454/448 1015/427/421
f 1016/429/1136 1032/431/1139 1028/430/1137
f 1018/432/1138 1330/448/1154 1032/431/1139
f 1016/429/1136 1015/427/421 1017/433/427
f 1027/434/1140 1339/367/1075 970/363/1072
f 1019/436/1142 1221/444/1150 1027/434/1140
f 1020/435/1141 966/360/1067 1213/361/1069
f 1020/435/1141 970/363/1072 967/437/1143
f 1021/423/1132 1339/367/1075 1026/438/1144
f 1023/440/1146 1298/422/1130 1021/423/1132
f 1022/439/1145 1026/438/1144 1025/441/1147
f 1026/438/1144 1339/367/1075 1027/434/1140
f 1309/443/1149 1025/441/1147 1026/438/1144
f 1024/442/1148 1027/434/1140 1221/444/1150
f 1043/445/1151 1028/430/1137 1032/431/1139
f 1029/446/1152 1030/255/963 1031/248/956
f 1329/447/1153 1332/260/968 1030/255/963
f 1029/446/1152 1032/431/1139 1330/448/1154
f 1036/449/1155 1034/451/1157 1033/450/444
f 1036/449/1155 1042/453/1158 1321/452/1156
f 1035/428/1135 1028/430/1137 1042/453/1158
f 1036/449/1155 1037/455/449 1038/454/448
f 1039/456/1159 1321/452/1156 1042/453/1158
f 1041/457/1160 1040/243/952 1319/458/1161
f 1043/445/1151 1031/248/956 1040/243/952
f 1041/457/1160 1042/453/1158 1028/430/1137
f 1044/459/1162 749/461/749 748/460/853
f 1055/462/1164 746/474/747 749/461/749
f 906/265/972 1045/266/974 1055/462/1164
f 1044/459/1162 1227/463/1163 1226/373/1081
f 1047/465/752 1059/480/753 1060/464/1165
f 1230/467/1167 751/634/750 1047/465/752
f 1048/269/977 1233/263/971 1230/467/1167
f 1060/464/1165 1049/268/976 1048/269/977
f 1050/469/939 1051/880/223 1054/468/459
f 1053/470/1168 1052/472/1169 1317/471/942
f 1034/451/1157 1321/452/1156 1052/472/1169
f 1053/470/1168 1054/468/459 1033/450/444
f 1056/473/1170 1057/475/744 746/474/747
f 1331/476/1171 882/734/742 1057/475/744
f 1058/259/966 1332/260/968 1331/476/1171
f 1056/473/1170 1055/462/1164 1045/266/974
f 739/478/737 730/489/739 1069/477/1172
f 1061/479/1173 1060/464/1165 1059/480/753
f 1061/479/1173 901/253/962 1049/268/976
f 1069/477/1172 900/252/961 901/253/962
f 738/482/736 1313/724/735 1066/481/1174
f 1063/483/1175 1065/485/1176 1062/484/721
f 1063/483/1175 899/251/960 1064/237/945
f 1066/481/1174 908/250/958 899/251/960
f 1067/487/723 732/497/725 1079/486/1177
f 1068/488/1178 1069/477/1172 730/489/739
f 1068/488/1178 1070/241/950 900/252/961
f 1079/486/1177 1078/240/949 1070/241/950
f 1072/490/722 1062/484/721 1065/485/1176
f 1073/491/1179 1083/493/1180 1071/492/755
f 1073/491/1179 1074/238/948 1075/271/979
f 1065/485/1176 1064/237/945 1074/238/948
f 755/495/757 1090/505/758 1076/494/1181
f 1077/496/1182 1079/486/1177 732/497/725
f 1077/496/1182 1081/275/983 1078/240/949
f 1076/494/1181 1080/274/982 1081/275/983
f 1085/498/756 1071/492/755 1083/493/1180
f 1082/499/1183 1084/501/1184 757/500/761
f 1082/499/1183 912/272/981 1086/277/985
f 1083/493/1180 1075/271/979 912/272/981
f 1088/503/763 1089/881/764 1096/502/1185
f 1087/504/1186 1076/494/1181 1090/505/758
f 1087/504/1186 916/281/989 1080/274/982
f 1096/502/1185 1095/280/988 916/281/989
f 759/506/762 757/500/761 1084/501/1184
f 1092/508/1188 1099/514/1192 759/506/762
f 915/278/987 1104/517/1194 1092/508/1188
f 1084/501/1184 1086/277/985 915/278/987
f 1093/509/1189 761/511/769 1094/510/773
f 1096/502/1185 1089/881/764 761/511/769
f 1098/286/993 1095/280/988 1096/502/1185
f 1093/509/1189 1109/512/1190 1097/293/1000
f 1100/513/1191 1101/515/766 1099/514/1192
f 1103/516/1193 764/522/770 1101/515/766
f 1105/282/990 1102/284/992 1103/516/1193
f 1100/513/1191 1092/508/1188 1104/517/1194
f 1106/519/775 1107/528/774 1110/518/1195
f 1109/512/1190 1094/510/773 1106/519/775
f 1111/292/1001 1097/293/1000 1109/512/1190
f 1110/518/1195 928/291/998 1111/292/1001
f 1116/521/1197 1113/523/771 764/522/770
f 1112/524/1198 767/882/776 1113/523/771
f 1114/287/995 1115/289/997 1112/524/1198
f 1116/521/1197 1103/516/1193 1102/284/992
f 1118/526/780 1119/536/781 1122/525/1199
f 1117/527/1200 1110/518/1195 1107/528/774
f 1117/527/1200 926/298/1006 928/291/998
f 1122/525/1199 927/297/1005 926/298/1006
f 768/529/779 767/882/776 1112/524/1198
f 1120/530/1201 1128/532/1202 771/531/784
f 1120/530/1201 925/295/1004 924/300/1008
f 1112/524/1198 1115/289/997 925/295/1004
f 1121/534/786 1131/544/787 1124/533/1203
f 1123/535/1204 1122/525/1199 1119/536/781
f 1123/535/1204 1125/304/1012 927/297/1005
f 1124/533/1203 935/303/1011 1125/304/1012
f 1127/537/785 771/531/784 1128/532/1202
f 1126/538/1205 1138/540/1206 1136/539/790
f 1126/538/1205 1129/301/1010 1139/306/1014
f 1128/532/1202 924/300/1008 1129/301/1010
f 774/542/792 1142/551/1213 1130/541/1207
f 1133/543/1208 1124/533/1203 1131/544/787
f 1133/543/1208 1132/310/1017 935/303/1011
f 1130/541/1207 940/552/1214 1132/310/1017
f 1135/545/791 1136/539/790 1138/540/1206
f 1146/547/1210 1137/883/794 1135/545/791
f 934/307/1016 933/308/1015 1146/547/1210
f 1138/540/1206 1139/306/1014 934/307/1016
f 1143/549/797 1140/560/798 1151/548/1211
f 1141/550/1212 1130/541/1207 1142/551/1213
f 1141/550/1212 938/315/1023 940/552/1214
f 1151/548/1211 1150/314/1022 938/315/1023
f 778/553/796 1137/883/794 1146/547/1210
f 1144/554/1215 1145/556/1216 779/555/801
f 1144/554/1215 1147/312/1021 1156/317/1025
f 1146/547/1210 933/308/1015 1147/312/1021
f 782/558/803 785/884/804 1159/557/1217
f 1148/559/1218 1151/548/1211 1140/560/798
f 1148/559/1218 1149/321/1029 1150/314/1022
f 1159/557/1217 1158/320/1028 1149/321/1029
f 1152/561/802 779/555/801 1145/556/1216
f 1155/562/1219 1164/564/1220 783/563/807
f 1155/562/1219 1153/318/1027 1154/323/1031
f 1145/556/1216 1156/317/1025 1153/318/1027
f 1157/565/1221 788/567/810 1168/566/814
f 1159/557/1217 785/884/804 788/567/810
f 1160/327/1034 1158/320/1028 1159/557/1217
f 1157/565/1221 1167/568/1222 1170/333/1041
f 789/569/808 783/563/807 1164/564/1220
f 1162/570/1223 1163/572/1224 1161/571/811
f 1162/570/1223 1165/324/1033 1175/325/1032
f 1164/564/1220 1154/323/1031 1165/324/1033
f 1171/573/1225 1169/575/816 1166/574/820
f 1167/568/1222 1168/566/814 1169/575/816
f 947/332/1039 1170/333/1041 1167/568/1222
f 1171/573/1225 1179/576/1226 1178/339/1047
f 1172/577/1227 1174/578/812 1161/571/811
f 1173/579/1228 1181/586/817 1174/578/812
f 945/328/1036 1184/330/1038 1173/579/1228
f 1172/577/1227 1163/572/1224 1175/325/1032
f 1176/580/1229 793/582/822 1193/581/1230
f 1179/576/1226 1166/574/820 793/582/822
f 1177/338/1045 1178/339/1047 1179/576/1226
f 1176/580/1229 1180/584/1231 1194/583/1232
f 1182/585/1233 794/587/818 1181/586/817
f 1183/588/1234 1188/885/823 794/587/818
f 949/334/1042 957/336/1044 1183/588/1234
f 1182/585/1233 1173/579/1228 1184/330/1038
f 1185/590/827 805/607/829 1200/589/1235
f 1186/591/1236 1192/593/1237 801/592/834
f 1186/591/1236 953/345/1054 1196/349/1057
f 1200/589/1235 1187/344/1053 953/345/1054
f 1190/594/832 1188/885/823 1183/588/1234
f 1189/595/1238 1198/597/1239 796/596/825
f 1189/595/1238 958/348/1056 1191/341/1049
f 1183/588/1234 957/336/1044 958/348/1056
f 798/598/833 801/592/834 1192/593/1237
f 1195/599/1240 1180/584/1231 1193/581/1230
f 1195/599/1240 959/350/1058 1194/583/1232
f 1192/593/1237 1196/349/1057 959/350/1058
f 797/600/826 796/596/825 1198/597/1239
f 1197/601/1241 1208/603/1242 804/602/836
f 1197/601/1241 952/342/1052 960/352/1060
f 1198/597/1239 1191/341/1049 952/342/1052
f 1199/605/838 809/615/839 1202/604/1243
f 1201/606/1244 1200/589/1235 805/607/829
f 1201/606/1244 963/356/1064 1187/344/1053
f 1202/604/1243 1203/355/1063 963/356/1064
f 1204/608/837 804/602/836 1208/603/1242
f 1205/609/1245 1207/611/1246 1216/610/842
f 1205/609/1245 1209/353/1062 1206/358/1066
f 1208/603/1242 960/352/1060 1209/353/1062
f 1211/612/1247 1210/614/844 811/613/845
f 1211/612/1247 1202/604/1243 809/615/839
f 1211/612/1247 1214/362/1070 1203/355/1063
f 1211/612/1247 1212/616/1248 1213/361/1069
f 808/617/843 1216/610/842 1207/611/1246
f 1215/618/1249 1218/620/1250 814/619/925
f 1215/618/1249 1217/359/1068 967/437/1143
f 1207/611/1246 1206/358/1066 1217/359/1068
f 1219/621/1251 872/623/926 871/622/932
f 1212/616/1248 811/613/845 872/623/926
f 1019/436/1142 1213/361/1069 1212/616/1248
f 1219/621/1251 1220/624/1252 1221/444/1150
f 1223/625/848 814/619/925 1218/620/1250
f 1222/626/1253 1304/628/1254 818/627/911
f 969/364/1071 971/879/1431 1304/628/1254
f 1218/620/1250 967/437/1143 969/364/1071
f 1224/629/1255 1225/631/855 1237/630/859
f 1227/463/1163 748/460/853 1225/631/855
f 1228/372/1079 1226/373/1081 1227/463/1163
f 1224/629/1255 1236/632/1256 979/379/1087
f 1231/633/1257 1229/635/851 751/634/750
f 1242/636/1258 1238/642/856 1229/635/851
f 1232/368/1076 974/370/1078 1242/636/1258
f 1231/633/1257 1230/467/1167 1233/263/971
f 1234/637/1259 1235/639/861 1244/638/865
f 1236/632/1256 1237/630/859 1235/639/861
f 980/378/1085 979/379/1087 1236/632/1256
f 1234/637/1259 1246/640/1260 977/385/1093
f 1241/641/1261 1240/643/857 1238/642/856
f 1239/644/1262 823/650/862 1240/643/857
f 975/374/1082 982/376/1084 1239/644/1262
f 1241/641/1261 1242/636/1258 974/370/1078
f 1245/645/1263 825/647/867 1252/646/871
f 1246/640/1260 1244/638/865 825/647/867
f 985/384/1091 977/385/1093 1246/640/1260
f 1245/645/1263 1243/648/1264 986/391/1099
f 1247/649/1265 1249/651/863 823/650/862
f 1256/652/1266 1248/658/868 1249/651/863
f 981/380/1088 983/382/1090 1256/652/1266
f 1247/649/1265 1239/644/1262 982/376/1084
f 1251/653/1267 1253/655/873 1257/654/877
f 1243/648/1264 1252/646/871 1253/655/873
f 990/390/1097 986/391/1099 1243/648/1264
f 1251/653/1267 1250/656/1268 997/397/1105
f 1254/657/1269 829/659/869 1248/658/868
f 1255/660/1270 1261/667/874 829/659/869
f 989/386/1094 1264/388/1096 1255/660/1270
f 1254/657/1269 1256/652/1266 983/382/1090
f 1258/661/1271 830/663/879 1268/662/1272
f 1250/656/1268 1257/654/877 830/663/879
f 994/396/1103 997/397/1105 1250/656/1268
f 1258/661/1271 1259/665/1273 995/664/1274
f 1263/666/1275 1260/668/875 1261/667/874
f 1262/669/1276 832/886/880 1260/668/875
f 1265/392/1100 993/394/1102 1262/669/1276
f 1263/666/1275 1255/660/1270 1264/388/1096
f 833/671/883 840/680/884 1267/670/1277
f 1266/672/1278 1259/665/1273 1268/662/1272
f 1266/672/1278 1270/402/1110 995/664/1274
f 1267/670/1277 1269/401/1109 1270/402/1110
f 837/673/882 832/886/880 1262/669/1276
f 1272/674/1279 1278/676/1280 1271/675/887
f 1272/674/1279 999/399/1108 1273/404/1112
f 1262/669/1276 993/394/1102 999/399/1108
f 839/678/889 841/696/890 1292/677/1281
f 1274/679/1282 1267/670/1277 840/680/884
f 1274/679/1282 1275/408/1116 1269/401/1109
f 1292/677/1281 1276/407/1115 1275/408/1116
f 1277/681/888 1271/675/887 1278/676/1280
f 1279/682/1283 1290/684/1284 846/683/900
f 1279/682/1283 1001/405/1114 1280/417/1125
f 1278/676/1280 1273/404/1112 1001/405/1114
f 1281/686/895 848/720/897 1284/685/1285
f 1283/687/1286 1294/689/1287 1282/688/903
f 1283/687/1286 1285/414/1123 1009/419/1127
f 1284/685/1285 1007/413/1122 1285/414/1123
f 1286/690/901 846/683/900 1290/684/1284
f 1287/691/1288 1289/693/1289 1296/692/893
f 1287/691/1288 1288/418/1126 1008/410/1118
f 1290/684/1284 1280/417/1125 1288/418/1126
f 1291/694/902 1282/688/903 1294/689/1287
f 1293/695/1290 1292/677/1281 841/696/890
f 1293/695/1290 1295/420/1128 1276/407/1115
f 1294/689/1287 1009/419/1127 1295/420/1128
f 844/697/894 1296/692/893 1289/693/1289
f 1299/699/1292 875/712/905 844/697/894
f 1005/411/1121 1298/422/1130 1299/699/1292
f 1289/693/1289 1008/410/1118 1005/411/1121
f 1301/700/922 818/627/911 1304/628/1254
f 1300/701/1293 1302/703/1295 1303/702/921
f 1459/704/1294 1337/710/1298 1302/703/1295
f 1304/628/1254 971/879/1431 1459/704/1294
f 867/705/920 1303/702/921 1302/703/1295
f 1305/706/1296 1311/708/1297 865/707/908
f 1305/706/1296 1336/709/1299 1335/425/1133
f 1305/706/1296 1302/703/1295 1337/710/1298
f 1306/711/1300 876/713/930 875/712/905
f 1307/714/1301 880/716/929 876/713/930
f 1023/440/1146 1025/441/1147 1307/714/1301
f 1306/711/1300 1299/699/1292 1298/422/1130
f 1308/715/1302 877/717/933 880/716/929
f 1220/624/1252 871/622/932 877/717/933
f 1309/443/1149 1221/444/1150 1220/624/1252
f 1308/715/1302 1307/714/1301 1025/441/1147
f 850/718/907 865/707/908 1311/708/1297
f 1310/719/1303 1284/685/1285 848/720/897
f 1310/719/1303 1014/426/1134 1007/413/1122
f 1311/708/1297 1335/425/1133 1014/426/1134
f 1314/722/729 1318/727/728 1312/721/1304
f 1315/723/1305 1066/481/1174 1313/724/735
f 1315/723/1305 1316/244/951 908/250/958
f 1315/723/1305 1312/721/1304 1319/458/1161
f 888/725/943 1317/471/942 1052/472/1169
f 1320/726/1306 1312/721/1304 1318/727/728
f 1039/456/1159 1319/458/1161 1312/721/1304
f 1320/726/1306 1052/472/1169 1321/452/1156
f 1325/728/1307 1324/730/917 1322/729/936
f 1323/731/600 861/887/199 1324/730/917
f 1325/728/1307 1018/432/1138 1017/433/427
f 1326/732/1308 1330/448/1154 1018/432/1138
f 1327/733/1309 1328/735/937 882/734/742
f 1326/732/1308 1322/729/936 1328/735/937
f 1327/733/1309 1329/447/1153 1330/448/1154
f 1331/476/1171 1332/260/968 1329/447/1153
f 1333/736/1310 1334/738/1314 1335/737/1311
f 1364/739/1313 1455/888/1408 1334/738/1314
f 1333/736/1310 1461/741/1316 1460/740/1315
f 1336/742/1312 1337/889/1432 1461/741/1316
f 1342/743/1317 1338/745/1321 1339/744/1318
f 1340/746/1320 971/890/1423 1338/745/1321
f 1342/743/1317 1341/748/1323 1388/747/1322
f 1457/749/1319 1387/815/1381 1341/748/1323
f 1424/751/1324 1423/760/1332 1349/750/1325
f 1343/752/1326 1451/754/1329 1429/753/1327
f 1464/755/1328 1344/891/1433 1451/754/1329
f 1343/752/1326 1349/750/1325 1465/756/1330
f 1346/758/700 1347/833/1391 1348/757/1331
f 1345/759/700 1349/750/1325 1423/760/1332
f 1466/761/1333 1465/756/1330 1349/750/1325
f 1345/759/700 1348/757/1331 1350/762/1334
f 1353/763/1335 1351/765/1339 1433/764/1336
f 1376/766/1338 1437/797/1365 1351/765/1339
f 1353/763/1335 1352/768/1341 1395/767/1340
f 1354/769/1337 1357/773/1346 1352/768/1341
f 1356/770/1342 1432/772/1345 1355/771/1343
f 1354/769/1337 1433/764/1336 1432/772/1345
f 1356/770/1342 1400/774/1347 1357/773/1346
f 1442/775/1344 1402/892/1434 1400/774/1347
f 1462/777/1348 1388/893/1322 1359/776/1349
f 1358/778/700 1365/779/1350 1460/740/1315
f 1360/780/700 1367/792/1360 1365/779/1350
f 1358/778/700 1359/776/1349 1385/781/1351
f 1361/782/700 1360/780/700 1385/781/1351
f 1368/783/1353 1367/792/1360 1360/780/700
f 1361/782/700 1362/785/700 1373/784/1354
f 1384/786/1352 1386/800/1368 1362/785/700
f 1363/787/1355 1364/739/1313 1460/740/1315
f 1449/788/1356 1455/888/1408 1364/739/1313
f 1363/787/1355 1366/790/1358 1370/789/1357
f 1365/779/1350 1367/792/1360 1366/790/1358
f 1371/791/1359 1366/790/1358 1367/792/1360
f 1369/793/1361 1370/789/1357 1366/790/1358
f 1371/791/1359 1405/795/1363 1372/794/1362
f 1368/783/1353 1373/784/1354 1405/795/1363
f 1374/796/1364 1375/798/1367 1437/797/1365
f 1380/799/1366 1441/894/1376 1375/798/1367
f 1374/796/1364 1392/801/1369 1386/800/1368
f 1376/766/1338 1395/767/1340 1392/801/1369
f 1377/802/1370 1467/803/1372 1350/762/1334
f 1452/804/1371 1468/895/1410 1467/803/1372
f 1377/802/1370 1443/806/1374 1378/805/1373
f 1348/757/1331 1347/833/1391 1443/806/1374
f 1381/807/1375 1379/809/1378 1441/808/1376
f 1381/807/1375 1382/811/1379 1383/810/1377
f 1381/807/1375 1384/813/1352 1385/812/1351
f 1380/799/1366 1386/894/1368 1384/813/1352
f 1389/814/1380 1341/748/1323 1387/815/1381
f 1359/816/1349 1388/747/1322 1341/748/1323
f 1389/814/1380 1382/811/1379 1385/812/1351
f 1390/817/1382 1383/810/1377 1382/811/1379
f 1391/818/700 1362/785/700 1386/800/1368
f 1393/819/1383 1373/784/1354 1362/785/700
f 1391/818/700 1394/821/700 1408/820/1384
f 1392/801/1369 1395/767/1340 1394/821/700
f 1396/822/700 1394/821/700 1395/767/1340
f 1397/823/1385 1408/820/1384 1394/821/700
f 1396/822/700 1398/825/700 1413/824/1386
f 1352/768/1341 1357/773/1346 1398/825/700
f 1399/826/700 1398/825/700 1357/773/1346
f 1416/827/1387 1413/824/1386 1398/825/700
f 1399/826/700 1401/829/700 1418/828/1388
f 1400/774/1347 1402/892/1434 1401/829/700
f 1401/829/700 1402/892/1434 1404/830/1389
f 1403/831/700 1419/832/1390 1418/828/1388
f 1346/758/700 1423/760/1332 1419/832/1390
f 1403/831/700 1404/830/1389 1347/833/1391
f 1406/834/1392 1405/795/1363 1373/784/1354
f 1440/835/1393 1372/794/1362 1405/795/1363
f 1406/834/1392 1407/837/1395 1436/836/1394
f 1393/819/1383 1408/820/1384 1407/837/1395
f 1411/838/1396 1407/837/1395 1408/820/1384
f 1409/839/1397 1436/836/1394 1407/837/1395
f 1411/838/1396 1410/841/1399 1415/840/1398
f 1397/823/1385 1413/824/1386 1410/841/1399
f 1412/842/1400 1410/841/1399 1413/824/1386
f 1414/843/1401 1415/840/1398 1410/841/1399
f 1412/842/1400 1417/845/1403 1420/844/1402
f 1416/827/1387 1418/828/1388 1417/845/1403
f 1417/845/1403 1418/828/1388 1419/832/1390
f 1421/846/1404 1422/847/1405 1420/844/1402
f 1424/751/1324 1429/753/1327 1422/847/1405
f 1421/846/1404 1419/832/1390 1423/760/1332
f 1425/831/625 1426/829/625 1420/828/1402
f 1427/830/1406 1355/892/1343 1426/829/625
f 1425/831/625 1428/758/625 1378/833/1373
f 1422/832/1405 1429/760/1327 1428/758/625
f 1431/825/625 1415/824/1398 1414/827/1401
f 1430/826/625 1432/774/1345 1433/773/1336
f 1426/829/625 1355/892/1343 1432/774/1345
f 1430/826/625 1414/827/1401 1420/828/1402
f 1435/821/625 1436/820/1394 1409/823/1397
f 1434/822/625 1351/768/1339 1437/767/1365
f 1431/825/625 1433/773/1336 1351/768/1339
f 1434/822/625 1409/823/1397 1415/824/1398
f 1439/848/625 1372/854/1362 1440/819/1393
f 1438/818/625 1375/801/1367 1441/808/1376
f 1435/821/625 1437/767/1365 1375/801/1367
f 1438/818/625 1440/819/1393 1436/820/1394
f 1404/830/1389 1402/892/1434 1442/775/1344
f 1444/849/1407 1443/806/1374 1347/833/1391
f 1427/850/1406 1378/805/1373 1443/806/1374
f 1444/849/1407 1442/775/1344 1355/771/1343
f 1446/852/625 1370/896/1357 1369/851/1361
f 1445/853/625 1379/809/1378 1383/810/1377
f 1439/848/625 1441/808/1376 1379/809/1378
f 1445/853/625 1369/851/1361 1372/854/1362
f 1447/855/625 1448/857/1409 1455/856/1408
f 1390/817/1382 1387/815/1381 1448/857/1409
f 1447/855/625 1446/852/625 1383/810/1377
f 1449/858/1356 1370/896/1357 1446/852/625
f 1450/759/625 1428/758/625 1429/760/1327
f 1452/757/1371 1378/833/1373 1428/758/625
f 1450/759/625 1453/761/1411 1468/762/1410
f 1451/750/1329 1344/756/1433 1453/761/1411
f 1454/859/1412 1459/859/1416 1337/859/1413
f 1338/859/1415 971/859/1435 1459/859/1416
f 1454/859/1412 1012/859/1418 1339/859/1417
f 1336/859/1414 1335/859/1436 1012/859/1418
f 1456/860/1419 1334/861/1314 1455/856/1408
f 1012/862/1420 1335/897/1311 1334/861/1314
f 1456/860/1419 1457/749/1319 1339/744/1318
f 1448/857/1409 1387/815/1381 1457/749/1319
f 1461/741/1316 1337/889/1432 1459/863/1421
f 1458/864/1422 1462/777/1348 1460/740/1315
f 1340/865/1320 1388/893/1322 1462/777/1348
f 1458/864/1422 1459/863/1421 971/866/1423
f 1463/867/719 1464/869/1328 1465/868/1330
f 1453/870/1411 1344/898/1433 1464/869/1328
f 1463/867/719 1467/872/1372 1468/871/1410
f 1466/873/1333 1350/899/1334 1467/872/1372
